address,name,domain,size,evidence,source
0x02000800,boot_entry,boot,,CONFIRMED-STATIC,docs/HANDOFF.md
0x02000b24,main_per_frame_loop,main_loop,0x15c,CONFIRMED-STATIC,docs/HANDOFF.md
0x02000afc,init_chain_0afc,boot,,CONFIRMED-STATIC,docs/HANDOFF.md
0x0200c1ec,overlay_unload,nitro_sdk,,INFERRED,docs/HANDOFF.md
0x0200c240,overlay_load,nitro_sdk,,INFERRED,docs/HANDOFF.md
0x0200d998,irq6_channel6_noop_stub,hardware,,CONFIRMED-STATIC,docs/HANDOFF.md
0x02009544,controller_get_index,controller,,CONFIRMED-STATIC,docs/HANDOFF.md
0x020091a4,controller_copy_sample_slot,controller,,CONFIRMED-STATIC,docs/HANDOFF.md
0x020095f8,controller_poll_capture,controller,,CONFIRMED-STATIC,docs/HANDOFF.md
0x02009650,controller_poll_capture2,controller,,CONFIRMED-STATIC,docs/HANDOFF.md
0x020096f0,controller_set_callback,controller,,CONFIRMED-STATIC,docs/HANDOFF.md
0x0200985c,controller_unknown_85c,controller,,CONFIRMED-STATIC,docs/HANDOFF.md
0x02009714,controller_unknown_714,controller,,CONFIRMED-STATIC,docs/HANDOFF.md
0x0200918c,controller_wait_flag,controller,,CONFIRMED-STATIC,docs/HANDOFF.md
0x02009178,controller_check_flag,controller,,CONFIRMED-STATIC,docs/HANDOFF.md
0x02009900,sampler_parse_touch_sample,touch,440,CONFIRMED-STATIC,src/touch/touch_sampler.c
0x02009908,input_subsys_init,input,,CONFIRMED-STATIC,docs/HANDOFF.md
0x02009998,sampler_consume_shared_samples,touch,,CONFIRMED-STATIC,docs/HANDOFF.md
0x0200831c,memset_memcpy_helper,utility,,CONFIRMED-STATIC,docs/re-analysis.md
0x02008360,memory_block_copy,utility,,CONFIRMED-STATIC,docs/re-analysis.md
0x020083ac,copy_32byte_aligned,utility,,INFERRED,src/touch/touch_main.c
0x02008330,copy_4byte_aligned,utility,,INFERRED,src/touch/touch_main.c
0x02008300,copy_2byte_aligned,utility,,INFERRED,src/touch/touch_main.c
0x02008500,copy_1byte_remainder,utility,,INFERRED,src/touch/touch_main.c
0x0200bb20,hash_search,utility,,INFERRED,src/touch/touch_init.c
0x0200bad8,hash_parse,utility,,INFERRED,src/touch/touch_init.c
0x0200be70,hash_init,utility,,INFERRED,src/touch/touch_init.c
0x02004398,display_init,display,,CONFIRMED-STATIC,docs/re-analysis.md
0x02002c10,backlight_display_config,display,,CONFIRMED-STATIC,docs/re-analysis.md
0x02006f80,sound_device_init,sound,,CONFIRMED-STATIC,docs/re-analysis.md
0x0200f160,audio_mixer,sound,,CONFIRMED-STATIC,docs/re-analysis.md
0x02005520,button_key_matrix,input,,CONFIRMED-STATIC,docs/re-analysis.md
0x020082e8,input_poll,input,,CONFIRMED-STATIC,docs/re-analysis.md
0x02006abc,list_head_get,utility,,INFERRED,src/touch/touch_dispatch.c
0x020067c0,heap_validate,utility,,INFERRED,src/touch/touch_dispatch.c
0x020067a0,middleware_pass,utility,,INFERRED,src/touch/touch_dispatch.c
0x0200bb70,middleware_validate,utility,,INFERRED,src/touch/touch_dispatch.c
0x0202fcc8,pre_init_chain,boot,,CONFIRMED-STATIC,docs/HANDOFF.md
0x02030598,game_system_init,boot,508,CONFIRMED-STATIC,docs/re-analysis.md
0x0202fd94,boot_reset_state_machine,boot,,CONFIRMED-STATIC,docs/HANDOFF.md
0x020302d8,arm9_overlay_transition_step,overlay,,CONFIRMED-STATIC,docs/HANDOFF.md
0x0203039c,overlay_system_init,overlay,,CONFIRMED-STATIC,docs/HANDOFF.md
0x0203051c,overlay_schedule_set,overlay,,CONFIRMED-STATIC,docs/HANDOFF.md
0x02035134,input_debounce_edge_read,input,164,CONFIRMED-STATIC,scripts/extract.py
0x020351d8,input_init_delay,input,,CONFIRMED-STATIC,docs/HANDOFF.md
0x0203363c,touchstate_producer,touch,140,CONFIRMED-STATIC,src/touch/touch_producer.c
0x0203383c,touchstate_alternate_updater,touch,0x1f8,CONFIRMED-STATIC,disassembly/0x0203383c.asm
0x02033a68,touchstate_main_updater,touch,188,CONFIRMED-STATIC,src/touch/touch_main.c
0x02033a8c,touchstate_direct_poll_sample_edge,touch,456,CONFIRMED-STATIC,docs/HANDOFF.md
0x02033b98,touchstate_dispatcher,touch,0x1b4,CONFIRMED-STATIC,src/touch/touch_dispatch.c
0x02033c60,touchstate_dispatcher_top,touch,72,CONFIRMED-STATIC,docs/HANDOFF.md
0x02033cac,touchstate_disable,touch,140,CONFIRMED-STATIC,docs/HANDOFF.md
0x02033d40,touchstate_clear_enable,touch,28,CONFIRMED-STATIC,docs/HANDOFF.md
0x02033d58,touchstate_reset_enable_fn,touch,80,CONFIRMED-STATIC,src/touch/touch_reset.c
0x02033ddc,touchstate_init,touch,96,CONFIRMED-STATIC,src/touch/touch_init.c
0x02036a0c,object_list_per_frame_walker,object_list,200,CONFIRMED-STATIC,scripts/extract.py
0x02036bfc,object_list_insert,object_list,,CONFIRMED-STATIC,scripts/extract.py
0x02036aec,object_list_camera_space_lookup,object_list,260,CONFIRMED-STATIC,scripts/extract.py
0x02036e04,static_entity_walker,entity,144,CONFIRMED-STATIC,docs/HANDOFF.md
0x02036e9c,container_slot_allocator,entity,68,CONFIRMED-STATIC,docs/HANDOFF.md
0x02036fdc,entity_remove_by_marker,entity,,CONFIRMED-STATIC,docs/HANDOFF.md
0x020372d0,entity_allocator_constructor,entity,396,CONFIRMED-STATIC,docs/HANDOFF.md
0x02037480,list_container_init,entity,424,CONFIRMED-STATIC,docs/HANDOFF.md
0x02034a40,heap_alloc,utility,,INFERRED,docs/re-analysis.md
0x02034d34,subsystem_per_frame,main_loop,,CONFIRMED-STATIC,docs/re-analysis.md
0x02034114,post_entity_walk,main_loop,,CONFIRMED-STATIC,docs/re-analysis.md
0x020349b8,heap_free,utility,,INFERRED,docs/re-analysis.md
0x02043c7c,mode_transition_initiator,stage,276,CONFIRMED-STATIC,docs/HANDOFF.md
0x02043b78,mode_fade_counter_update,stage,220,CONFIRMED-STATIC,docs/HANDOFF.md
0x02043abc,mode_setup,stage,172,CONFIRMED-STATIC,docs/HANDOFF.md
0x02048ba4,mode_data_key_loader,stage,,CONFIRMED-STATIC,docs/HANDOFF.md
0x0204d6d0,mode_entity_creation,stage,,CONFIRMED-STATIC,docs/HANDOFF.md
0x0204bf24,mode_touch_enable,stage,52,CONFIRMED-STATIC,docs/HANDOFF.md
0x0204bed0,mode_dispatcher,stage,76,CONFIRMED-STATIC,docs/HANDOFF.md
0x0204bdf8,mode_terminal_gameplay,stage,20,CONFIRMED-STATIC,docs/HANDOFF.md
0x0204bd94,terminal_per_frame_handler,stage,68,CONFIRMED-STATIC,docs/HANDOFF.md
0x0204bf88,gameplay_hud_player_setup,stage,1428,CONFIRMED-STATIC,docs/HANDOFF.md
0x0204b470,per_stage_update_dispatcher,stage,80,CONFIRMED-STATIC,docs/HANDOFF.md
0x0204b528,per_frame_stage_update,stage,228,CONFIRMED-STATIC,docs/HANDOFF.md
0x0204b2ec,stage_cleanup,stage,36,CONFIRMED-STATIC,docs/re-analysis.md
0x0204ba84,hud_callback,stage,44,CONFIRMED-STATIC,docs/HANDOFF.md
0x0204b95c,pause_score_camera_callback,stage,272,CONFIRMED-STATIC,docs/HANDOFF.md
0x0204dbb8,intro_countdown_cb,stage,252,CONFIRMED-STATIC,docs/re-analysis.md
0x0204da44,player_spawn,entity,348,CONFIRMED-STATIC,scripts/extract.py
0x0204d834,gameplay_callback,stage,0x1c,CONFIRMED-RUNTIME,docs/HANDOFF.md
0x0204a98c,model_resource_loader,stage,244,CONFIRMED-STATIC,docs/HANDOFF.md
0x02049c40,main_zone_object_loader,stage,72,CONFIRMED-STATIC,docs/re-analysis.md
0x02055918,pause_fix_controller_spawn,entity,1256,CONFIRMED-STATIC,docs/HANDOFF.md
0x020556a4,pause_fix_controller_update,entity,140,CONFIRMED-STATIC,docs/re-analysis.md
0x02055878,pause_fix_controller_destroy,entity,140,CONFIRMED-STATIC,docs/re-analysis.md
0x0205e378,entity_sub_system,entity,,CONFIRMED-STATIC,hw_funcs.txt
0x0205f25c,entity_sub_system_2,entity,,CONFIRMED-STATIC,docs/re-analysis.md
0x0206c3d0,player_per_frame_update,player,0x32c,CONFIRMED-STATIC,scripts/extract.py
0x0206bef4,player_destroy,player,,CONFIRMED-STATIC,docs/HANDOFF.md
0x0206bd5c,movement_iterator,player,408,CONFIRMED-STATIC,scripts/extract.py
0x0206919c,velocity_binding_injection,player,,CONFIRMED-STATIC,scripts/extract.py
0x020694b0,movement_accel_handler,player,856,CONFIRMED-STATIC,scripts/extract.py
0x020657dc,movement_collision_resolution,player,1740,CONFIRMED-STATIC,scripts/extract.py
0x02066010,collision_dispatcher,collision,160,CONFIRMED-STATIC,docs/re-analysis.md
0x02066638,tile_raycast,collision,1112,CONFIRMED-STATIC,docs/re-analysis.md
0x02067670,entity_aabb_sweep,collision,936,CONFIRMED-STATIC,docs/re-analysis.md
0x020670bc,sloped_surface_response,collision,1084,CONFIRMED-STATIC,docs/re-analysis.md
0x020648c4,ground_collision_slope_snap,player,3416,CONFIRMED-STATIC,scripts/extract.py
0x02065ee0,char_controller,player,184,CONFIRMED-STATIC,docs/re-analysis.md
0x0206aa38,tile_object_placement_builder,object_list,2032,CONFIRMED-STATIC,scripts/extract.py
0x0206b244,secondary_tile_builder,object_list,1296,CONFIRMED-STATIC,docs/HANDOFF.md
0x0206b768,placement_dispatcher,object_list,1444,CONFIRMED-STATIC,docs/HANDOFF.md
0x0206bd24,hitbox_tile_placement_link,object_list,56,CONFIRMED-STATIC,docs/HANDOFF.md
0x020687b8,object_name_cache_resolver,action,412,CONFIRMED-STATIC,docs/HANDOFF.md
0x02069934,action_object_spawner,action,412,CONFIRMED-STATIC,docs/HANDOFF.md
0x02069a34,child_linking,action,256,CONFIRMED-STATIC,docs/HANDOFF.md
0x02069b34,named_sub_entity_creation,action,320,CONFIRMED-STATIC,docs/HANDOFF.md
0x02069c74,action_state_spawner_A,action,500,CONFIRMED-STATIC,docs/HANDOFF.md
0x02069d38,hitbox_frame_from_named_object,action,292,CONFIRMED-STATIC,docs/HANDOFF.md
0x02069f1c,action_loader_hitbox_setup,action,300,CONFIRMED-STATIC,docs/HANDOFF.md
0x0206a0ac,action_state_processor,action,2344,CONFIRMED-STATIC,docs/re-analysis.md
0x0206c708,action_dispatch,action,124,CONFIRMED-STATIC,docs/re-analysis.md
0x0206c7f0,event_script_dispatcher,action,312,CONFIRMED-STATIC,docs/re-analysis.md
0x0206a054,action_init,action,88,CONFIRMED-STATIC,docs/re-analysis.md
0x02069818,action_teardown,action,164,CONFIRMED-STATIC,docs/re-analysis.md
0x02067ddc,scripted_attract_demo_controller,input,504,CONFIRMED-STATIC,scripts/extract.py
0x02068094,scripted_attract_demo_spawner,input,240,CONFIRMED-STATIC,scripts/extract.py
0x0206e470,slope_table,physics,,CONFIRMED-STATIC,docs/re-analysis.md
0x02077944,drift_table,physics,,CONFIRMED-STATIC,docs/re-analysis.md
0x0207f02c,controller_ring_struct,controller,,CONFIRMED-STATIC,docs/HANDOFF.md
0x02074184,stage_object_loader_table,stage,,CONFIRMED-STATIC,docs/HANDOFF.md
0x020741f0,per_stage_handler_table,stage,,CONFIRMED-STATIC,docs/HANDOFF.md
0x02072c78,object_list_base_table,object_list,,CONFIRMED-STATIC,docs/HANDOFF.md
0x0207cf7c,accel_scale_constant,physics,,CONFIRMED-STATIC,docs/re-analysis.md
0x0207d01c,button_table,input,,CONFIRMED-STATIC,docs/re-analysis.md
0x02087cb0,overlay_one_shot_callback,overlay,,CONFIRMED-STATIC,docs/HANDOFF.md
0x02087cb4,overlay_active_id,overlay,,CONFIRMED-STATIC,docs/HANDOFF.md
0x02087cbc,overlay_requested_id,overlay,,CONFIRMED-STATIC,docs/HANDOFF.md
0x02087cc8,overlay_loaded_flag,overlay,,CONFIRMED-STATIC,docs/HANDOFF.md
0x02087cb8,global_system_flags,entity,,CONFIRMED-STATIC,docs/HANDOFF.md
0x0208922c,object_list_base_primary,object_list,,CONFIRMED-STATIC,docs/HANDOFF.md
0x02087d04,object_list_base_secondary,object_list,,CONFIRMED-STATIC,docs/HANDOFF.md
0x020900e0,mode3_entity_data,stage,,CONFIRMED-RUNTIME,docs/HANDOFF.md
0x02090800,live_menu_entity_data,stage,,CONFIRMED-RUNTIME,docs/HANDOFF.md
0x022b65b4,touch_state_struct,touch,0x28,CONFIRMED-STATIC,docs/HANDOFF.md
0x022b658c,adjacent_sample_table,touch,0x28,INFERRED,docs/HANDOFF.md
0x022b4574,entity_list_root,entity,,CONFIRMED-STATIC,docs/HANDOFF.md
0x022503e0,key_state_base,input,,CONFIRMED-STATIC,docs/HANDOFF.md
0x022c4410,mode_transition_data,stage,,CONFIRMED-STATIC,docs/HANDOFF.md
0x022c4478,score_related_state,stage,,CONFIRMED-STATIC,docs/HANDOFF.md
0x022c4488,current_stage_object_data,stage,,CONFIRMED-STATIC,docs/HANDOFF.md
0x022c448c,object_cache_root,stage,,CONFIRMED-STATIC,docs/HANDOFF.md
0x022c4490,game_stage_context,stage,,CONFIRMED-STATIC,docs/HANDOFF.md
0x022c4560,zone_state,stage,,CONFIRMED-STATIC,docs/HANDOFF.md
0x022c45f0,action_data_root,action,,CONFIRMED-STATIC,docs/HANDOFF.md
0x022c4ef0,gameplay_mode_pause_flags,stage,,CONFIRMED-STATIC,docs/HANDOFF.md
0x022c4ddc,collision_entity_count,collision,,CONFIRMED-STATIC,docs/HANDOFF.md
0x022c4e64,collision_entity_list,collision,,CONFIRMED-STATIC,docs/HANDOFF.md
0x022c5c80,overlay1_ram_base,overlay,,CONFIRMED-STATIC,docs/HANDOFF.md
0x022c678c,title_menu_hit_test_dead,overlay,,CONFIRMED-RUNTIME,docs/HANDOFF.md
0x022c7ac8,title_menu_update_dead,overlay,,CONFIRMED-RUNTIME,docs/HANDOFF.md
0x022c8458,title_teardown_and_schedule,overlay,0x28,CONFIRMED-RUNTIME,docs/HANDOFF.md
0x022d301c,title_mode_dispatch,overlay,,CONFIRMED-RUNTIME,docs/HANDOFF.md
0x022d2e3c,title_mode_entity_create,overlay,0x162,CONFIRMED-RUNTIME,docs/HANDOFF.md
0x022d3044,display_vram_reset_helper_dead,overlay,0xcc,CONFIRMED-RUNTIME,docs/HANDOFF.md
0x022d2460,mode_entity_update_arm32,overlay,,CONFIRMED-RUNTIME,docs/HANDOFF.md
0x022d2cbd,mode_entity_destroy,overlay,,CONFIRMED-RUNTIME,docs/HANDOFF.md
0x022d224d,second_entity_update,overlay,,CONFIRMED-RUNTIME,docs/HANDOFF.md
0x022d0095,child_entity_update,overlay,,CONFIRMED-RUNTIME,docs/HANDOFF.md
0x022d2234,shared_state_setter,overlay,,CONFIRMED-RUNTIME,docs/re-analysis.md
0x022d1404,secondary_state_setter,overlay,,CONFIRMED-RUNTIME,docs/re-analysis.md
0x022d13f4,m0_entry_trampoline,overlay,,CONFIRMED-RUNTIME,docs/HANDOFF.md
0x022d0d34,m1_entry_trampoline,overlay,,CONFIRMED-RUNTIME,docs/HANDOFF.md
0x0231f050,mode_entity_global_ptr,stage,,CONFIRMED-RUNTIME,docs/HANDOFF.md
0x0236aaa8,loaded_gameplay_root,gameplay,,CONFIRMED-RUNTIME,docs/HANDOFF.md
0x022fabbc,loaded_gameplay_dispatcher,gameplay,,CONFIRMED-RUNTIME,docs/HANDOFF.md
0x02342e28,flag_sync_handler,gameplay,,CONFIRMED-RUNTIME,docs/HANDOFF.md
0x0238c51c,arm7_touch_writer,arm7,,CONFIRMED-RUNTIME,docs/HANDOFF.md
0x0238c0c4,arm7_touch_reader,arm7,,CONFIRMED-RUNTIME,docs/HANDOFF.md
0x0207ffaa,shared_touch_x,shared_ram,,CONFIRMED-RUNTIME,docs/HANDOFF.md
0x0207ffac,shared_touch_y_status,shared_ram,,CONFIRMED-RUNTIME,docs/HANDOFF.md
0x0207ffa8,shared_keycnt,shared_ram,,CONFIRMED-STATIC,docs/HANDOFF.md
0x04000130,keyinput_register,hardware,,CONFIRMED-STATIC,docs/HANDOFF.md
0x04000304,powcnt_register,hardware,,CONFIRMED-STATIC,tools/hdrv.cpp
0x04000004,dispstat_register,hardware,,CONFIRMED-STATIC,tools/hdrv.cpp
0x04000006,vcount_register,hardware,,CONFIRMED-STATIC,tools/hdrv.cpp
0x04000000,dispcnt_register,hardware,,CONFIRMED-STATIC,tools/hdrv.cpp
0x04000136,keycnt_register,hardware,,CONFIRMED-STATIC,tools/hdrv.cpp
0x00188000,arm7_rom_offset,rom_layout,,CONFIRMED-STATIC,docs/HANDOFF.md
0x00004000,arm9_rom_offset,rom_layout,,CONFIRMED-STATIC,docs/HANDOFF.md
,void ActionCallback_Init,action,,SEMANTIC-MATCH,action/action_callback
,s32 ActionCallback_Register(void *action, u32 index, void (*callback),action,,SEMANTIC-MATCH,action/action_callback
,void ActionCallback_Unregister,action,,SEMANTIC-MATCH,action/action_callback
,void ActionCallback_Invoke,action,,SEMANTIC-MATCH,action/action_callback
,void ActionCallback_InvokeAll,action,,SEMANTIC-MATCH,action/action_callback
,u32 ActionCallback_GetParam,action,,SEMANTIC-MATCH,action/action_callback
,void ActionCallback_SetParam,action,,SEMANTIC-MATCH,action/action_callback
,s32 ActionCallback_IsRegistered,action,,SEMANTIC-MATCH,action/action_callback
,void Action_Init,action,,SEMANTIC-MATCH,action/action_core
,void Action_Teardown,action,,SEMANTIC-MATCH,action/action_core
,void Action_Process,action,,SEMANTIC-MATCH,action/action_core
,void ActionHelper_Init,action,,SEMANTIC-MATCH,action/action_helper
,void ActionHelper_SetFlag,action,,SEMANTIC-MATCH,action/action_helper
,void ActionHelper_ClearFlag,action,,SEMANTIC-MATCH,action/action_helper
,s32 ActionHelper_CheckFlag,action,,SEMANTIC-MATCH,action/action_helper
,void ActionHelper_SetData,action,,SEMANTIC-MATCH,action/action_helper
,u32 ActionHelper_GetData,action,,SEMANTIC-MATCH,action/action_helper
,void ActionHelper_Set,action,,SEMANTIC-MATCH,action/action_helper
,u32 ActionHelper_Get,action,,SEMANTIC-MATCH,action/action_helper
,void ActionHelper_Clear,action,,SEMANTIC-MATCH,action/action_helper
,s32 ActionHelper_Is,action,,SEMANTIC-MATCH,action/action_helper
,void Action_ChildLinking,action,,SEMANTIC-MATCH,action/action_spawner
,void ActionState_Init,action,,SEMANTIC-MATCH,action/action_state
,void ActionState_Set,action,,SEMANTIC-MATCH,action/action_state
,u32 ActionState_Get,action,,SEMANTIC-MATCH,action/action_state
,u32 ActionState_GetPrevious,action,,SEMANTIC-MATCH,action/action_state
,u32 ActionState_GetTimer,action,,SEMANTIC-MATCH,action/action_state
,void ActionState_Update,action,,SEMANTIC-MATCH,action/action_state
,s32 ActionState_Is,action,,SEMANTIC-MATCH,action/action_state
,void ActionState_FireCallback,action,,SEMANTIC-MATCH,action/action_state
,void ActionState_SetCallback(void *action, void (*callback),action,,SEMANTIC-MATCH,action/action_state
,void ActionState_Reset,action,,SEMANTIC-MATCH,action/action_state
,void ActionTransition_Init,action,,SEMANTIC-MATCH,action/action_transition
,void ActionTransition_Start,action,,SEMANTIC-MATCH,action/action_transition
,s32 ActionTransition_Update,action,,SEMANTIC-MATCH,action/action_transition
,u32 ActionTransition_Get,action,,SEMANTIC-MATCH,action/action_transition
,u32 ActionTransition_GetProgress,action,,SEMANTIC-MATCH,action/action_transition
,s32 ActionTransition_IsActive,action,,SEMANTIC-MATCH,action/action_transition
,void ActionTransition_Cancel,action,,SEMANTIC-MATCH,action/action_transition
,void ActionTransition_SetDuration,action,,SEMANTIC-MATCH,action/action_transition
,u32 ActionTransition_GetDuration,action,,SEMANTIC-MATCH,action/action_transition
,u32 Collision_CameraSpaceLookup,collision,,SEMANTIC-MATCH,collision/collision_aabb
,s32 Collision_AABB_Test,collision,,SEMANTIC-MATCH,collision/collision_aabb
,s32 Collision_EntityAABBSweep,collision,,SEMANTIC-MATCH,collision/collision_aabb
,int Collision_Dispatcher,collision,,SEMANTIC-MATCH,collision/collision
,int Entity_AABBSweep,collision,,SEMANTIC-MATCH,collision/collision
,void CollisionDebug_Draw,collision,,SEMANTIC-MATCH,collision/collision_debug
,void CollisionDebug_Init,collision,,SEMANTIC-MATCH,collision/collision_debug
,void CollisionDebug_Update,collision,,SEMANTIC-MATCH,collision/collision_debug
,void CollisionMask_Init,collision,,SEMANTIC-MATCH,collision/collision_debug
,void CollisionMask_Set,collision,,SEMANTIC-MATCH,collision/collision_debug
,s32 CollisionMask_Check,collision,,SEMANTIC-MATCH,collision/collision_debug
,u32 CollisionMask_Get,collision,,SEMANTIC-MATCH,collision/collision_debug
,void CollisionLayer_Init,collision,,SEMANTIC-MATCH,collision/collision_debug
,void CollisionLayer_Add,collision,,SEMANTIC-MATCH,collision/collision_debug
,void CollisionLayer_Remove,collision,,SEMANTIC-MATCH,collision/collision_debug
,s32 CollisionLayer_Check,collision,,SEMANTIC-MATCH,collision/collision_debug
,void CollisionDispatch_Init,collision,,SEMANTIC-MATCH,collision/collision_dispatch
,void CollisionDispatch_AddPair(void *entity_a, void *entity_b, void (*callback),collision,,SEMANTIC-MATCH,collision/collision_dispatch
,void CollisionDispatch_RemovePair,collision,,SEMANTIC-MATCH,collision/collision_dispatch
,void CollisionDispatch_Process,collision,,SEMANTIC-MATCH,collision/collision_dispatch
,void CollisionDispatch_Clear,collision,,SEMANTIC-MATCH,collision/collision_dispatch
,void CollisionGrid_Init,collision,,SEMANTIC-MATCH,collision/collision_grid
,void CollisionGrid_Insert,collision,,SEMANTIC-MATCH,collision/collision_grid
,void CollisionGrid_Remove,collision,,SEMANTIC-MATCH,collision/collision_grid
,u32 CollisionGrid_Query,collision,,SEMANTIC-MATCH,collision/collision_grid
,u32 CollisionGrid_QueryArea,collision,,SEMANTIC-MATCH,collision/collision_grid
,void CollisionGrid_GetCell,collision,,SEMANTIC-MATCH,collision/collision_grid
,u32 CollisionGrid_GetCellCount,collision,,SEMANTIC-MATCH,collision/collision_grid
,void CollisionGrid_Clear,collision,,SEMANTIC-MATCH,collision/collision_grid
,s32 CollisionNarrow_AABBvsAABB,collision,,SEMANTIC-MATCH,collision/collision_narrow
,s32 CollisionNarrow_AABBvsCircle,collision,,SEMANTIC-MATCH,collision/collision_narrow
,s32 CollisionNarrow_CirclevsCircle,collision,,SEMANTIC-MATCH,collision/collision_narrow
,s32 CollisionNarrow_PointInAABB,collision,,SEMANTIC-MATCH,collision/collision_narrow
,s32 CollisionNarrow_PointInCircle,collision,,SEMANTIC-MATCH,collision/collision_narrow
,s32 CollisionNarrow_LinevsAABB,collision,,SEMANTIC-MATCH,collision/collision_narrow
,s32 CollisionNarrow_Raycast,collision,,SEMANTIC-MATCH,collision/collision_narrow
,s32 CollisionNarrow_LinevsCircle,collision,,SEMANTIC-MATCH,collision/collision_narrow
,s32 CollisionNarrow_GetContact,collision,,SEMANTIC-MATCH,collision/collision_narrow
,void CollisionPoint_Init,collision,,SEMANTIC-MATCH,collision/collision_point
,void CollisionPoint_Set,collision,,SEMANTIC-MATCH,collision/collision_point
,void CollisionPoint_Get,collision,,SEMANTIC-MATCH,collision/collision_point
,void CollisionPoint_SetNormal,collision,,SEMANTIC-MATCH,collision/collision_point
,void CollisionPoint_GetNormal,collision,,SEMANTIC-MATCH,collision/collision_point
,s32 CollisionPoint_GetDistance,collision,,SEMANTIC-MATCH,collision/collision_point
,void CollisionPoint_Translate,collision,,SEMANTIC-MATCH,collision/collision_point
,void CollisionPoint_Rotate,collision,,SEMANTIC-MATCH,collision/collision_point
,s32 CollisionPoint_Dot,collision,,SEMANTIC-MATCH,collision/collision_point
,s32 CollisionPoint_Cross,collision,,SEMANTIC-MATCH,collision/collision_point
,void CollisionQuery_Init,collision,,SEMANTIC-MATCH,collision/collision_query
,u32 CollisionQuery_Area,collision,,SEMANTIC-MATCH,collision/collision_query
,u32 CollisionQuery_Point,collision,,SEMANTIC-MATCH,collision/collision_query
,u32 CollisionQuery_Ray,collision,,SEMANTIC-MATCH,collision/collision_query
,u32 CollisionQuery_Circle,collision,,SEMANTIC-MATCH,collision/collision_query
,u32 CollisionQuery_GetCount,collision,,SEMANTIC-MATCH,collision/collision_query
,void CollisionQuery_Clear,collision,,SEMANTIC-MATCH,collision/collision_query
,void CollisionRay_Init,collision,,SEMANTIC-MATCH,collision/collision_ray
,void CollisionRay_Set,collision,,SEMANTIC-MATCH,collision/collision_ray
,void CollisionRay_Get,collision,,SEMANTIC-MATCH,collision/collision_ray
,void CollisionRay_SetLength,collision,,SEMANTIC-MATCH,collision/collision_ray
,s32 CollisionRay_GetLength,collision,,SEMANTIC-MATCH,collision/collision_ray
,void CollisionRay_Normalize,collision,,SEMANTIC-MATCH,collision/collision_ray
,void CollisionRay_GetPoint,collision,,SEMANTIC-MATCH,collision/collision_ray
,s32 CollisionRay_Intersect,collision,,SEMANTIC-MATCH,collision/collision_ray
,s32 CollisionRay_IntersectAABB,collision,,SEMANTIC-MATCH,collision/collision_ray
,s32 CollisionRay_IntersectCircle,collision,,SEMANTIC-MATCH,collision/collision_ray
,void CollisionResolve_Ground,collision,,SEMANTIC-MATCH,collision/collision_resolve
,void CollisionResolve_Wall,collision,,SEMANTIC-MATCH,collision/collision_resolve
,void CollisionResolve_Ceiling,collision,,SEMANTIC-MATCH,collision/collision_resolve
,void CollisionResolve_Slope,collision,,SEMANTIC-MATCH,collision/collision_resolve
,void CollisionResolve_Push,collision,,SEMANTIC-MATCH,collision/collision_resolve
,void Collision_Response,collision,,SEMANTIC-MATCH,collision/collision_response
,void Collision_ResponseSlope,collision,,SEMANTIC-MATCH,collision/collision_response
,void Collision_ResponseWall,collision,,SEMANTIC-MATCH,collision/collision_response
,void Platform_Update,collision,,SEMANTIC-MATCH,collision/collision_response
,void Spring_Apply,collision,,SEMANTIC-MATCH,collision/collision_response
,void Spring_Init,collision,,SEMANTIC-MATCH,collision/collision_response
,void CollisionResponse_Bounce,collision,,SEMANTIC-MATCH,collision/collision_response_ext
,void CollisionResponse_Slide,collision,,SEMANTIC-MATCH,collision/collision_response_ext
,void CollisionResponse_Stick,collision,,SEMANTIC-MATCH,collision/collision_response_ext
,void CollisionResponse_Gravity,collision,,SEMANTIC-MATCH,collision/collision_response_ext
,void CollisionResponse_Reset,collision,,SEMANTIC-MATCH,collision/collision_response_ext
,void CollisionShape_Init,collision,,SEMANTIC-MATCH,collision/collision_shape
,void CollisionShape_SetAABB,collision,,SEMANTIC-MATCH,collision/collision_shape
,void CollisionShape_SetCircle,collision,,SEMANTIC-MATCH,collision/collision_shape
,void CollisionShape_SetPolygon,collision,,SEMANTIC-MATCH,collision/collision_shape
,u32 CollisionShape_GetType,collision,,SEMANTIC-MATCH,collision/collision_shape
,void CollisionShape_GetBounds,collision,,SEMANTIC-MATCH,collision/collision_shape
,s32 CollisionShape_ContainsPoint,collision,,SEMANTIC-MATCH,collision/collision_shape
,void CollisionShape_SetLayer,collision,,SEMANTIC-MATCH,collision/collision_shape
,u32 CollisionShape_GetLayer,collision,,SEMANTIC-MATCH,collision/collision_shape
,void CollisionSpatial_Init,collision,,SEMANTIC-MATCH,collision/collision_spatial
,s32 CollisionSpatial_Add,collision,,SEMANTIC-MATCH,collision/collision_spatial
,void CollisionSpatial_Remove,collision,,SEMANTIC-MATCH,collision/collision_spatial
,void CollisionSpatial_Update,collision,,SEMANTIC-MATCH,collision/collision_spatial
,void CollisionSpatial_RebuildGrid,collision,,SEMANTIC-MATCH,collision/collision_spatial
,void CollisionSpatial_InsertIntoGrid,collision,,SEMANTIC-MATCH,collision/collision_spatial
,u32 CollisionSpatial_Query,collision,,SEMANTIC-MATCH,collision/collision_spatial
,u32 CollisionSpatial_GetCount,collision,,SEMANTIC-MATCH,collision/collision_spatial
,void CollisionSpatial_Clear,collision,,SEMANTIC-MATCH,collision/collision_spatial
,void CollisionSweep_Init,collision,,SEMANTIC-MATCH,collision/collision_sweep
,u32 CollisionSweep_AABB,collision,,SEMANTIC-MATCH,collision/collision_sweep
,u32 CollisionSweep_Circle,collision,,SEMANTIC-MATCH,collision/collision_sweep
,s32 CollisionSweep_TestAABB,collision,,SEMANTIC-MATCH,collision/collision_sweep
,s32 CollisionSweep_TestCircle,collision,,SEMANTIC-MATCH,collision/collision_sweep
,u32 CollisionSweep_GetNormal,collision,,SEMANTIC-MATCH,collision/collision_sweep
,void CollisionSweep_Clear,collision,,SEMANTIC-MATCH,collision/collision_sweep
,u32 Collision_TileRaycast,collision,,SEMANTIC-MATCH,collision/collision_utils
,void Collision_SlopedSurfaceResponse,collision,,SEMANTIC-MATCH,collision/collision_utils
,void Hitbox_Init,collision,,SEMANTIC-MATCH,collision/hitbox
,void Hitbox_Update,collision,,SEMANTIC-MATCH,collision/hitbox
,s32 Hitbox_Check,collision,,SEMANTIC-MATCH,collision/hitbox
,u32 Hitbox_GetDamage,collision,,SEMANTIC-MATCH,collision/hitbox
,void Hitbox_SetActive,collision,,SEMANTIC-MATCH,collision/hitbox
,s32 Hitbox_IsActive,collision,,SEMANTIC-MATCH,collision/hitbox
,void Hurtbox_Init,collision,,SEMANTIC-MATCH,collision/hurtbox
,void Hurtbox_Update,collision,,SEMANTIC-MATCH,collision/hurtbox
,s32 Hurtbox_Check,collision,,SEMANTIC-MATCH,collision/hurtbox
,void HitboxGroup_Init,collision,,SEMANTIC-MATCH,collision/hurtbox
,void HitboxGroup_Switch,collision,,SEMANTIC-MATCH,collision/hurtbox
,void Hurtbox_SetActive,collision,,SEMANTIC-MATCH,collision/hurtbox
,s32 Hurtbox_IsActive,collision,,SEMANTIC-MATCH,collision/hurtbox
,int Controller_CheckFlag,controller,,SEMANTIC-MATCH,controller/controller_core
,int Controller_WaitFlag,controller,,SEMANTIC-MATCH,controller/controller_core
,void Controller_CopySampleSlot,controller,,SEMANTIC-MATCH,controller/controller_core
,void Controller_SetCallback(ControllerRing *ring, void (*callback),controller,,SEMANTIC-MATCH,controller/controller_core
,u32 Controller_PollCapture,controller,,SEMANTIC-MATCH,controller/controller_poll
,void Controller_PollCapture2,controller,,SEMANTIC-MATCH,controller/controller_poll
,void Controller_Unknown85c,controller,,SEMANTIC-MATCH,controller/controller_poll
,s32 AffineSprite_Add,display,,SEMANTIC-MATCH,display/affine_sprite
,void AffineSprite_SetTransform,display,,SEMANTIC-MATCH,display/affine_sprite
,void AffineSprite_Remove,display,,SEMANTIC-MATCH,display/affine_sprite
,void AffineTransform_Init,display,,SEMANTIC-MATCH,display/affine_transform
,void AffineTransform_SetRotation,display,,SEMANTIC-MATCH,display/affine_transform
,void AffineTransform_SetScale,display,,SEMANTIC-MATCH,display/affine_transform
,void AffineTransform_SetPosition,display,,SEMANTIC-MATCH,display/affine_transform
,u32 AffineTransform_Apply,display,,SEMANTIC-MATCH,display/affine_transform
,void AffineTransform_Multiply,display,,SEMANTIC-MATCH,display/affine_transform
,void Display_SetBrightness,display,,SEMANTIC-MATCH,display/display_control
,void Display_SetMasterBrightness,display,,SEMANTIC-MATCH,display/display_control
,void Display_WaitVBlankCount,display,,SEMANTIC-MATCH,display/display_control
,void Display_FadeIn,display,,SEMANTIC-MATCH,display/display_control
,void DisplayEffect_Init,display,,SEMANTIC-MATCH,display/display_effect
,void DisplayEffect_Play,display,,SEMANTIC-MATCH,display/display_effect
,void DisplayEffect_Update,display,,SEMANTIC-MATCH,display/display_effect
,void DisplayEffect_FadeToBlack,display,,SEMANTIC-MATCH,display/display_effect
,void DisplayEffect_FadeFromBlack,display,,SEMANTIC-MATCH,display/display_effect
,void DisplayEffect_Flash,display,,SEMANTIC-MATCH,display/display_effect
,void DisplayEffect_Wipe,display,,SEMANTIC-MATCH,display/display_effect
,void DisplayPriority_Init,display,,SEMANTIC-MATCH,display/display_priority
,void DisplayPriority_Set,display,,SEMANTIC-MATCH,display/display_priority
,u32 DisplayPriority_Get,display,,SEMANTIC-MATCH,display/display_priority
,void DisplayPriority_Sort,display,,SEMANTIC-MATCH,display/display_priority
,void DisplayLayer_Set,display,,SEMANTIC-MATCH,display/display_priority
,u32 DisplayLayer_Get,display,,SEMANTIC-MATCH,display/display_priority
,s32 DisplayLayer_IsVisible,display,,SEMANTIC-MATCH,display/display_priority
,void DisplayLayer_SetMask,display,,SEMANTIC-MATCH,display/display_priority
,void DisplayScroll_Init,display,,SEMANTIC-MATCH,display/display_scroll
,void DisplayScroll_Update,display,,SEMANTIC-MATCH,display/display_scroll
,void DisplayScroll_SetTarget,display,,SEMANTIC-MATCH,display/display_scroll
,u32 DisplayScroll_GetPosition,display,,SEMANTIC-MATCH,display/display_scroll
,void DisplayScroll_SetPosition,display,,SEMANTIC-MATCH,display/display_scroll
,void DisplayScroll_Clamp,display,,SEMANTIC-MATCH,display/display_scroll
,void DisplayScroll_Shake,display,,SEMANTIC-MATCH,display/display_scroll
,void DisplayScroll_UpdateShake,display,,SEMANTIC-MATCH,display/display_scroll
,void DisplayTransition_Init,display,,SEMANTIC-MATCH,display/display_transition
,void DisplayTransition_Play,display,,SEMANTIC-MATCH,display/display_transition
,void DisplayTransition_Update,display,,SEMANTIC-MATCH,display/display_transition
,void DisplayTransition_FadeOut,display,,SEMANTIC-MATCH,display/display_transition
,void DisplayTransition_FadeIn,display,,SEMANTIC-MATCH,display/display_transition
,void DisplayTransition_SlideLeft,display,,SEMANTIC-MATCH,display/display_transition
,void DisplayTransition_SlideRight,display,,SEMANTIC-MATCH,display/display_transition
,void DisplayTransition_Iris,display,,SEMANTIC-MATCH,display/display_transition
,s32 DisplayTransition_IsComplete,display,,SEMANTIC-MATCH,display/display_transition
,void DisplayTransition_Cancel,display,,SEMANTIC-MATCH,display/display_transition
,void DisplayWindow_Init,display,,SEMANTIC-MATCH,display/display_window
,void DisplayWindow_Set,display,,SEMANTIC-MATCH,display/display_window
,void DisplayWindow_Get,display,,SEMANTIC-MATCH,display/display_window
,s32 DisplayWindow_IsVisible,display,,SEMANTIC-MATCH,display/display_window
,void DisplayWindow_Enable,display,,SEMANTIC-MATCH,display/display_window
,void DisplayWindow_Disable,display,,SEMANTIC-MATCH,display/display_window
,void DisplayWindow_SetLayerMask,display,,SEMANTIC-MATCH,display/display_window
,void HUD_DrawText,display,,SEMANTIC-MATCH,display/hud_draw
,void HUD_DrawNumber,display,,SEMANTIC-MATCH,display/hud_draw
,void HUD_DrawIcon,display,,SEMANTIC-MATCH,display/hud_draw
,s32 OAM_AddSprite,display,,SEMANTIC-MATCH,display/oam
,void OAM_RemoveSprite,display,,SEMANTIC-MATCH,display/oam
,void OAM_Update,display,,SEMANTIC-MATCH,display/oam
,void Palette_LoadMain,display,,SEMANTIC-MATCH,display/palette
,void Palette_LoadSub,display,,SEMANTIC-MATCH,display/palette
,void Palette_FadeMain,display,,SEMANTIC-MATCH,display/palette
,void SpriteAnim_Init,display,,SEMANTIC-MATCH,display/sprite_anim
,void SpriteAnim_Update,display,,SEMANTIC-MATCH,display/sprite_anim
,void SpriteAnim_SetFrame,display,,SEMANTIC-MATCH,display/sprite_anim
,u32 SpriteAnim_GetFrame,display,,SEMANTIC-MATCH,display/sprite_anim
,s32 SpriteAnim_IsComplete,display,,SEMANTIC-MATCH,display/sprite_anim
,void SpriteAnim_Play,display,,SEMANTIC-MATCH,display/sprite_anim
,void SpriteFrame_GetSize,display,,SEMANTIC-MATCH,display/sprite_frame
,void SpriteFrame_Draw,display,,SEMANTIC-MATCH,display/sprite_frame
,void SpriteFrame_DrawRotated,display,,SEMANTIC-MATCH,display/sprite_frame
,void Tilemap_Load,display,,SEMANTIC-MATCH,display/tilemap
,void Tilemap_Load8x8,display,,SEMANTIC-MATCH,display/tilemap
,void Tilemap_Update,display,,SEMANTIC-MATCH,display/tilemap
,void Tilemap_SetPalette,display,,SEMANTIC-MATCH,display/tilemap
,void VRAMBank_Configure,display,,SEMANTIC-MATCH,display/vram
,void VRAMBank_Enable,display,,SEMANTIC-MATCH,display/vram
,void VRAMBank_Disable,display,,SEMANTIC-MATCH,display/vram
,void Entity_WalkAll,entity,,SEMANTIC-MATCH,entity/entity_core
,void Entity_Remove,entity,,SEMANTIC-MATCH,entity/entity_core
,void EntityEvent_Init,entity,,SEMANTIC-MATCH,entity/entity_event
,void EntityEvent_Fire,entity,,SEMANTIC-MATCH,entity/entity_event
,void EntityEvent_SetHandler(void *entity, void (*handler),entity,,SEMANTIC-MATCH,entity/entity_event
,s32 EntityEvent_Check,entity,,SEMANTIC-MATCH,entity/entity_event
,void EntityEvent_Clear,entity,,SEMANTIC-MATCH,entity/entity_event
,void EntityEvent_ClearAll,entity,,SEMANTIC-MATCH,entity/entity_event
,u32 EntityEvent_GetFlags,entity,,SEMANTIC-MATCH,entity/entity_event
,void EntityEvent_SetFlags,entity,,SEMANTIC-MATCH,entity/entity_event
,void EntityPool_Init,entity,,SEMANTIC-MATCH,entity/entity_pool
,void EntityPool_Free,entity,,SEMANTIC-MATCH,entity/entity_pool
,u32 EntityPool_GetCount,entity,,SEMANTIC-MATCH,entity/entity_pool
,u32 EntityPool_GetUsed,entity,,SEMANTIC-MATCH,entity/entity_pool
,u32 EntityPool_GetFree,entity,,SEMANTIC-MATCH,entity/entity_pool
,u32 EntityPool_FindAllByType,entity,,SEMANTIC-MATCH,entity/entity_pool
,void EntityPool_Clear,entity,,SEMANTIC-MATCH,entity/entity_pool
,void EntityRender_Init,entity,,SEMANTIC-MATCH,entity/entity_render
,void EntityRender_SetSprite,entity,,SEMANTIC-MATCH,entity/entity_render
,void EntityRender_Update,entity,,SEMANTIC-MATCH,entity/entity_render
,void EntityRender_Draw,entity,,SEMANTIC-MATCH,entity/entity_render
,void EntityRender_SetFrame,entity,,SEMANTIC-MATCH,entity/entity_render
,void EntityRender_SetFlags,entity,,SEMANTIC-MATCH,entity/entity_render
,void EntityRender_SetFlip,entity,,SEMANTIC-MATCH,entity/entity_render
,void EntityRender_SetAlpha,entity,,SEMANTIC-MATCH,entity/entity_render
,void EntityRender_SetPriority,entity,,SEMANTIC-MATCH,entity/entity_render
,void EntityRender_Hide,entity,,SEMANTIC-MATCH,entity/entity_render
,void EntityRender_Show,entity,,SEMANTIC-MATCH,entity/entity_render
,void EntityState_Init,entity,,SEMANTIC-MATCH,entity/entity_state
,void EntityState_Set,entity,,SEMANTIC-MATCH,entity/entity_state
,u32 EntityState_Get,entity,,SEMANTIC-MATCH,entity/entity_state
,u32 EntityState_GetPrevious,entity,,SEMANTIC-MATCH,entity/entity_state
,u32 EntityState_GetTimer,entity,,SEMANTIC-MATCH,entity/entity_state
,void EntityState_Update,entity,,SEMANTIC-MATCH,entity/entity_state
,s32 EntityState_Is,entity,,SEMANTIC-MATCH,entity/entity_state
,s32 EntityState_IsPrevious,entity,,SEMANTIC-MATCH,entity/entity_state
,s32 EntityState_IsTimer,entity,,SEMANTIC-MATCH,entity/entity_state
,void EntityState_Reset,entity,,SEMANTIC-MATCH,entity/entity_state
,void ActionSys_Init,gameplay,,SEMANTIC-MATCH,gameplay/action_sys
,void ActionSys_Trigger,gameplay,,SEMANTIC-MATCH,gameplay/action_sys
,void ActionSys_Update,gameplay,,SEMANTIC-MATCH,gameplay/action_sys
,void ActionSys_Clear,gameplay,,SEMANTIC-MATCH,gameplay/action_sys
,void ActionSys_Reset,gameplay,,SEMANTIC-MATCH,gameplay/action_sys
,void ActionTrigger_Init,gameplay,,SEMANTIC-MATCH,gameplay/action_trigger
,s32 ActionTrigger_Add,gameplay,,SEMANTIC-MATCH,gameplay/action_trigger
,void ActionTrigger_Update,gameplay,,SEMANTIC-MATCH,gameplay/action_trigger
,void ActionTrigger_Remove,gameplay,,SEMANTIC-MATCH,gameplay/action_trigger
,u32 ActionTrigger_GetCount,gameplay,,SEMANTIC-MATCH,gameplay/action_trigger
,void ActionTrigger_Clear,gameplay,,SEMANTIC-MATCH,gameplay/action_trigger
,void ActionTrigger_Reset,gameplay,,SEMANTIC-MATCH,gameplay/action_trigger
,void ActorFlyer_Init,gameplay,,SEMANTIC-MATCH,gameplay/actor_flyer
,s32 ActorFlyer_Add,gameplay,,SEMANTIC-MATCH,gameplay/actor_flyer
,void ActorFlyer_Update,gameplay,,SEMANTIC-MATCH,gameplay/actor_flyer
,void ActorFlyer_Remove,gameplay,,SEMANTIC-MATCH,gameplay/actor_flyer
,u32 ActorFlyer_GetCount,gameplay,,SEMANTIC-MATCH,gameplay/actor_flyer
,void ActorFlyer_Clear,gameplay,,SEMANTIC-MATCH,gameplay/actor_flyer
,void ActorFlyer_Reset,gameplay,,SEMANTIC-MATCH,gameplay/actor_flyer
,void ActorHover_Init,gameplay,,SEMANTIC-MATCH,gameplay/actor_hover
,s32 ActorHover_Add,gameplay,,SEMANTIC-MATCH,gameplay/actor_hover
,void ActorHover_Update,gameplay,,SEMANTIC-MATCH,gameplay/actor_hover
,void ActorHover_Remove,gameplay,,SEMANTIC-MATCH,gameplay/actor_hover
,u32 ActorHover_GetCount,gameplay,,SEMANTIC-MATCH,gameplay/actor_hover
,void ActorHover_Clear,gameplay,,SEMANTIC-MATCH,gameplay/actor_hover
,void ActorHover_Reset,gameplay,,SEMANTIC-MATCH,gameplay/actor_hover
,void ActorOscillate_Init,gameplay,,SEMANTIC-MATCH,gameplay/actor_oscillate
,s32 ActorOscillate_Add,gameplay,,SEMANTIC-MATCH,gameplay/actor_oscillate
,void ActorOscillate_Update,gameplay,,SEMANTIC-MATCH,gameplay/actor_oscillate
,void ActorOscillate_Remove,gameplay,,SEMANTIC-MATCH,gameplay/actor_oscillate
,u32 ActorOscillate_GetCount,gameplay,,SEMANTIC-MATCH,gameplay/actor_oscillate
,void ActorOscillate_Clear,gameplay,,SEMANTIC-MATCH,gameplay/actor_oscillate
,void ActorOscillate_Reset,gameplay,,SEMANTIC-MATCH,gameplay/actor_oscillate
,void ActorPatrol_Init,gameplay,,SEMANTIC-MATCH,gameplay/actor_patrol
,s32 ActorPatrol_Add,gameplay,,SEMANTIC-MATCH,gameplay/actor_patrol
,void ActorPatrol_Update,gameplay,,SEMANTIC-MATCH,gameplay/actor_patrol
,void ActorPatrol_Remove,gameplay,,SEMANTIC-MATCH,gameplay/actor_patrol
,u32 ActorPatrol_GetCount,gameplay,,SEMANTIC-MATCH,gameplay/actor_patrol
,void ActorPatrol_Clear,gameplay,,SEMANTIC-MATCH,gameplay/actor_patrol
,void ActorPatrol_Reset,gameplay,,SEMANTIC-MATCH,gameplay/actor_patrol
,void ActorRunner_Init,gameplay,,SEMANTIC-MATCH,gameplay/actor_runner
,s32 ActorRunner_Add,gameplay,,SEMANTIC-MATCH,gameplay/actor_runner
,void ActorRunner_Update,gameplay,,SEMANTIC-MATCH,gameplay/actor_runner
,void ActorRunner_Remove,gameplay,,SEMANTIC-MATCH,gameplay/actor_runner
,u32 ActorRunner_GetCount,gameplay,,SEMANTIC-MATCH,gameplay/actor_runner
,void ActorRunner_Clear,gameplay,,SEMANTIC-MATCH,gameplay/actor_runner
,void ActorRunner_Reset,gameplay,,SEMANTIC-MATCH,gameplay/actor_runner
,void ActorStomper_Init,gameplay,,SEMANTIC-MATCH,gameplay/actor_stomper
,s32 ActorStomper_Add,gameplay,,SEMANTIC-MATCH,gameplay/actor_stomper
,void ActorStomper_Update,gameplay,,SEMANTIC-MATCH,gameplay/actor_stomper
,void ActorStomper_Remove,gameplay,,SEMANTIC-MATCH,gameplay/actor_stomper
,u32 ActorStomper_GetCount,gameplay,,SEMANTIC-MATCH,gameplay/actor_stomper
,void ActorStomper_Clear,gameplay,,SEMANTIC-MATCH,gameplay/actor_stomper
,void ActorStomper_Reset,gameplay,,SEMANTIC-MATCH,gameplay/actor_stomper
,s32 AffineTransform_Add,gameplay,,SEMANTIC-MATCH,gameplay/affine_transform
,void AffineTransform_Update,gameplay,,SEMANTIC-MATCH,gameplay/affine_transform
,void AffineTransform_Remove,gameplay,,SEMANTIC-MATCH,gameplay/affine_transform
,u32 AffineTransform_GetCount,gameplay,,SEMANTIC-MATCH,gameplay/affine_transform
,void AffineTransform_Clear,gameplay,,SEMANTIC-MATCH,gameplay/affine_transform
,void AffineTransform_Reset,gameplay,,SEMANTIC-MATCH,gameplay/affine_transform
,void AiActor_Init,gameplay,,SEMANTIC-MATCH,gameplay/ai_actor
,s32 AiActor_Add,gameplay,,SEMANTIC-MATCH,gameplay/ai_actor
,void AiActor_Update,gameplay,,SEMANTIC-MATCH,gameplay/ai_actor
,void AiActor_Remove,gameplay,,SEMANTIC-MATCH,gameplay/ai_actor
,s32 AiActor_GetX,gameplay,,SEMANTIC-MATCH,gameplay/ai_actor
,s32 AiActor_GetY,gameplay,,SEMANTIC-MATCH,gameplay/ai_actor
,u32 AiActor_GetType,gameplay,,SEMANTIC-MATCH,gameplay/ai_actor
,u32 AiActor_GetCount,gameplay,,SEMANTIC-MATCH,gameplay/ai_actor
,s32 AiActor_IsActive,gameplay,,SEMANTIC-MATCH,gameplay/ai_actor
,void AiActor_Clear,gameplay,,SEMANTIC-MATCH,gameplay/ai_actor
,void AiActor_Reset,gameplay,,SEMANTIC-MATCH,gameplay/ai_actor
,void AuraFX_Init,gameplay,,SEMANTIC-MATCH,gameplay/aura_fx
,void AuraFX_Start,gameplay,,SEMANTIC-MATCH,gameplay/aura_fx
,void AuraFX_Stop,gameplay,,SEMANTIC-MATCH,gameplay/aura_fx
,void AuraFX_Update,gameplay,,SEMANTIC-MATCH,gameplay/aura_fx
,void AuraFX_Draw,gameplay,,SEMANTIC-MATCH,gameplay/aura_fx
,s32 AuraFX_IsActive,gameplay,,SEMANTIC-MATCH,gameplay/aura_fx
,void AuraFX_Reset,gameplay,,SEMANTIC-MATCH,gameplay/aura_fx
,void BestRecord_Init,gameplay,,SEMANTIC-MATCH,gameplay/best_record
,s32 BestRecord_Check,gameplay,,SEMANTIC-MATCH,gameplay/best_record
,void BestRecord_Draw,gameplay,,SEMANTIC-MATCH,gameplay/best_record
,u32 BestRecord_GetScore,gameplay,,SEMANTIC-MATCH,gameplay/best_record
,u32 BestRecord_GetTime,gameplay,,SEMANTIC-MATCH,gameplay/best_record
,u32 BestRecord_GetRings,gameplay,,SEMANTIC-MATCH,gameplay/best_record
,void BestRecord_Reset,gameplay,,SEMANTIC-MATCH,gameplay/best_record
,void BestTime_Init,gameplay,,SEMANTIC-MATCH,gameplay/best_time
,void BestTime_Start,gameplay,,SEMANTIC-MATCH,gameplay/best_time
,s32 BestTime_Update,gameplay,,SEMANTIC-MATCH,gameplay/best_time
,void BestTime_Draw,gameplay,,SEMANTIC-MATCH,gameplay/best_time
,void BestTime_Skip,gameplay,,SEMANTIC-MATCH,gameplay/best_time
,u32 BestTime_GetState,gameplay,,SEMANTIC-MATCH,gameplay/best_time
,void BestTime_Reset,gameplay,,SEMANTIC-MATCH,gameplay/best_time
,void BgAnim_Init,gameplay,,SEMANTIC-MATCH,gameplay/bg_anim
,s32 BgAnim_Add,gameplay,,SEMANTIC-MATCH,gameplay/bg_anim
,void BgAnim_Update,gameplay,,SEMANTIC-MATCH,gameplay/bg_anim
,void BgAnim_Remove,gameplay,,SEMANTIC-MATCH,gameplay/bg_anim
,u32 BgAnim_GetFrame,gameplay,,SEMANTIC-MATCH,gameplay/bg_anim
,u32 BgAnim_GetCount,gameplay,,SEMANTIC-MATCH,gameplay/bg_anim
,s32 BgAnim_IsActive,gameplay,,SEMANTIC-MATCH,gameplay/bg_anim
,void BgAnim_Clear,gameplay,,SEMANTIC-MATCH,gameplay/bg_anim
,void BgAnim_Reset,gameplay,,SEMANTIC-MATCH,gameplay/bg_anim
,void BgScroll_Init,gameplay,,SEMANTIC-MATCH,gameplay/bg_scroll
,s32 BgScroll_Add,gameplay,,SEMANTIC-MATCH,gameplay/bg_scroll
,void BgScroll_Remove,gameplay,,SEMANTIC-MATCH,gameplay/bg_scroll
,void BgScroll_Update,gameplay,,SEMANTIC-MATCH,gameplay/bg_scroll
,void BgScroll_Draw,gameplay,,SEMANTIC-MATCH,gameplay/bg_scroll
,void BgScroll_GetOffset,gameplay,,SEMANTIC-MATCH,gameplay/bg_scroll
,void BgScroll_SetSpeed,gameplay,,SEMANTIC-MATCH,gameplay/bg_scroll
,s32 BgScroll_IsActive,gameplay,,SEMANTIC-MATCH,gameplay/bg_scroll
,u32 BgScroll_GetCount,gameplay,,SEMANTIC-MATCH,gameplay/bg_scroll
,void BgScroll_Clear,gameplay,,SEMANTIC-MATCH,gameplay/bg_scroll
,void BgScroll_Reset,gameplay,,SEMANTIC-MATCH,gameplay/bg_scroll
,void BoostAura_Init,gameplay,,SEMANTIC-MATCH,gameplay/boost_aura
,void BoostAura_Start,gameplay,,SEMANTIC-MATCH,gameplay/boost_aura
,void BoostAura_Update,gameplay,,SEMANTIC-MATCH,gameplay/boost_aura
,void BoostAura_Draw,gameplay,,SEMANTIC-MATCH,gameplay/boost_aura
,void BoostAura_Stop,gameplay,,SEMANTIC-MATCH,gameplay/boost_aura
,s32 BoostAura_IsActive,gameplay,,SEMANTIC-MATCH,gameplay/boost_aura
,u32 BoostAura_GetTimer,gameplay,,SEMANTIC-MATCH,gameplay/boost_aura
,s32 BoostAura_GetSize,gameplay,,SEMANTIC-MATCH,gameplay/boost_aura
,s32 BoostAura_GetAlpha,gameplay,,SEMANTIC-MATCH,gameplay/boost_aura
,void BoostAura_Reset,gameplay,,SEMANTIC-MATCH,gameplay/boost_aura
,void Boost_Init,gameplay,,SEMANTIC-MATCH,gameplay/boost
,void Boost_Add,gameplay,,SEMANTIC-MATCH,gameplay/boost
,void Boost_Activate,gameplay,,SEMANTIC-MATCH,gameplay/boost
,void Boost_Update,gameplay,,SEMANTIC-MATCH,gameplay/boost
,void Boost_Deactivate,gameplay,,SEMANTIC-MATCH,gameplay/boost
,s32 Boost_IsActive,gameplay,,SEMANTIC-MATCH,gameplay/boost
,u32 Boost_GetGauge,gameplay,,SEMANTIC-MATCH,gameplay/boost
,void BoostChain_Init,gameplay,,SEMANTIC-MATCH,gameplay/boost_chain
,void BoostChain_Add,gameplay,,SEMANTIC-MATCH,gameplay/boost_chain
,void BoostChain_Update,gameplay,,SEMANTIC-MATCH,gameplay/boost_chain
,u32 BoostChain_GetCount,gameplay,,SEMANTIC-MATCH,gameplay/boost_chain
,void BoostChain_Reset,gameplay,,SEMANTIC-MATCH,gameplay/boost_chain
,void BoostEffect_Init,gameplay,,SEMANTIC-MATCH,gameplay/boost_effect
,void BoostEffect_Start,gameplay,,SEMANTIC-MATCH,gameplay/boost_effect
,void BoostEffect_Update,gameplay,,SEMANTIC-MATCH,gameplay/boost_effect
,void BoostEffect_Stop,gameplay,,SEMANTIC-MATCH,gameplay/boost_effect
,s32 BoostEffect_IsActive,gameplay,,SEMANTIC-MATCH,gameplay/boost_effect
,u32 BoostEffect_GetTimer,gameplay,,SEMANTIC-MATCH,gameplay/boost_effect
,u32 BoostEffect_GetIntensity,gameplay,,SEMANTIC-MATCH,gameplay/boost_effect
,void BoostEffect_Draw,gameplay,,SEMANTIC-MATCH,gameplay/boost_effect
,void BoostEffect_SetIntensity,gameplay,,SEMANTIC-MATCH,gameplay/boost_effect
,void BoostEffect_Reset,gameplay,,SEMANTIC-MATCH,gameplay/boost_effect
,void BoostGauge_Init,gameplay,,SEMANTIC-MATCH,gameplay/boost_gauge
,void BoostGauge_Add,gameplay,,SEMANTIC-MATCH,gameplay/boost_gauge
,s32 BoostGauge_Use,gameplay,,SEMANTIC-MATCH,gameplay/boost_gauge
,void BoostGauge_Update,gameplay,,SEMANTIC-MATCH,gameplay/boost_gauge
,void BoostGauge_Activate,gameplay,,SEMANTIC-MATCH,gameplay/boost_gauge
,void BoostGauge_Deactivate,gameplay,,SEMANTIC-MATCH,gameplay/boost_gauge
,u32 BoostGauge_Get,gameplay,,SEMANTIC-MATCH,gameplay/boost_gauge
,u32 BoostGauge_GetMax,gameplay,,SEMANTIC-MATCH,gameplay/boost_gauge
,s32 BoostGauge_IsActive,gameplay,,SEMANTIC-MATCH,gameplay/boost_gauge
,s32 BoostGauge_IsFull,gameplay,,SEMANTIC-MATCH,gameplay/boost_gauge
,s32 BoostGauge_IsEmpty,gameplay,,SEMANTIC-MATCH,gameplay/boost_gauge
,void BoostGauge_Set,gameplay,,SEMANTIC-MATCH,gameplay/boost_gauge
,void BoostGauge_SetMax,gameplay,,SEMANTIC-MATCH,gameplay/boost_gauge
,void BoostGauge_Reset,gameplay,,SEMANTIC-MATCH,gameplay/boost_gauge
,void BoostGaugeDisplay_Init,gameplay,,SEMANTIC-MATCH,gameplay/boost_gauge_display
,void BoostGaugeDisplay_SetPosition,gameplay,,SEMANTIC-MATCH,gameplay/boost_gauge_display
,void BoostGaugeDisplay_Draw,gameplay,,SEMANTIC-MATCH,gameplay/boost_gauge_display
,void BoostGaugeDisplay_Show,gameplay,,SEMANTIC-MATCH,gameplay/boost_gauge_display
,void BoostGaugeDisplay_Hide,gameplay,,SEMANTIC-MATCH,gameplay/boost_gauge_display
,s32 BoostGaugeDisplay_IsVisible,gameplay,,SEMANTIC-MATCH,gameplay/boost_gauge_display
,void BoostGaugeDisplay_GetPosition,gameplay,,SEMANTIC-MATCH,gameplay/boost_gauge_display
,void BoostGaugeDisplay_Reset,gameplay,,SEMANTIC-MATCH,gameplay/boost_gauge_display
,void BoostIcon_Init,gameplay,,SEMANTIC-MATCH,gameplay/boost_icon
,s32 BoostIcon_Add,gameplay,,SEMANTIC-MATCH,gameplay/boost_icon
,void BoostIcon_Update,gameplay,,SEMANTIC-MATCH,gameplay/boost_icon
,void BoostIcon_Draw,gameplay,,SEMANTIC-MATCH,gameplay/boost_icon
,void BoostIcon_Remove,gameplay,,SEMANTIC-MATCH,gameplay/boost_icon
,u32 BoostIcon_GetCount,gameplay,,SEMANTIC-MATCH,gameplay/boost_icon
,void BoostIcon_Clear,gameplay,,SEMANTIC-MATCH,gameplay/boost_icon
,void BoostIcon_Reset,gameplay,,SEMANTIC-MATCH,gameplay/boost_icon
,void BoostLaunch_Init,gameplay,,SEMANTIC-MATCH,gameplay/boost_launch
,void BoostLaunch_Start,gameplay,,SEMANTIC-MATCH,gameplay/boost_launch
,void BoostLaunch_Update,gameplay,,SEMANTIC-MATCH,gameplay/boost_launch
,void BoostLaunch_Draw,gameplay,,SEMANTIC-MATCH,gameplay/boost_launch
,void BoostLaunch_Stop,gameplay,,SEMANTIC-MATCH,gameplay/boost_launch
,s32 BoostLaunch_IsActive,gameplay,,SEMANTIC-MATCH,gameplay/boost_launch
,u32 BoostLaunch_GetTimer,gameplay,,SEMANTIC-MATCH,gameplay/boost_launch
,u32 BoostLaunch_GetDirection,gameplay,,SEMANTIC-MATCH,gameplay/boost_launch
,void BoostLaunch_GetPosition,gameplay,,SEMANTIC-MATCH,gameplay/boost_launch
,void BoostLaunch_Reset,gameplay,,SEMANTIC-MATCH,gameplay/boost_launch
,void BossActor_Init,gameplay,,SEMANTIC-MATCH,gameplay/boss_actor
,s32 BossActor_Add,gameplay,,SEMANTIC-MATCH,gameplay/boss_actor
,void BossActor_Update,gameplay,,SEMANTIC-MATCH,gameplay/boss_actor
,s32 BossActor_GetHP,gameplay,,SEMANTIC-MATCH,gameplay/boss_actor
,s32 BossActor_GetMaxHP,gameplay,,SEMANTIC-MATCH,gameplay/boss_actor
,s32 BossActor_GetX,gameplay,,SEMANTIC-MATCH,gameplay/boss_actor
,s32 BossActor_GetY,gameplay,,SEMANTIC-MATCH,gameplay/boss_actor
,u32 BossActor_GetCount,gameplay,,SEMANTIC-MATCH,gameplay/boss_actor
,void BossActor_Remove,gameplay,,SEMANTIC-MATCH,gameplay/boss_actor
,void BossActor_Clear,gameplay,,SEMANTIC-MATCH,gameplay/boss_actor
,void BossActor_Reset,gameplay,,SEMANTIC-MATCH,gameplay/boss_actor
,void BossAI_Init,gameplay,,SEMANTIC-MATCH,gameplay/boss_ai
,s32 BossAI_Add,gameplay,,SEMANTIC-MATCH,gameplay/boss_ai
,void BossAI_Update,gameplay,,SEMANTIC-MATCH,gameplay/boss_ai
,void BossAI_Remove,gameplay,,SEMANTIC-MATCH,gameplay/boss_ai
,u32 BossAI_GetCount,gameplay,,SEMANTIC-MATCH,gameplay/boss_ai
,void BossAI_Clear,gameplay,,SEMANTIC-MATCH,gameplay/boss_ai
,void BossAI_Reset,gameplay,,SEMANTIC-MATCH,gameplay/boss_ai
,void Boss_Update,gameplay,,SEMANTIC-MATCH,gameplay/boss
,void Boss_Destroy,gameplay,,SEMANTIC-MATCH,gameplay/boss
,u32 Boss_GetMaxHP,gameplay,,SEMANTIC-MATCH,gameplay/boss
,void Boss_Damage,gameplay,,SEMANTIC-MATCH,gameplay/boss
,void BossDefeat_Init,gameplay,,SEMANTIC-MATCH,gameplay/boss_defeat
,void BossDefeat_Start,gameplay,,SEMANTIC-MATCH,gameplay/boss_defeat
,s32 BossDefeat_Update,gameplay,,SEMANTIC-MATCH,gameplay/boss_defeat
,void BossDefeat_Reset,gameplay,,SEMANTIC-MATCH,gameplay/boss_defeat
,void BossHpBar_Init,gameplay,,SEMANTIC-MATCH,gameplay/boss_hpbar
,void BossHpBar_Start,gameplay,,SEMANTIC-MATCH,gameplay/boss_hpbar
,void BossHpBar_Update,gameplay,,SEMANTIC-MATCH,gameplay/boss_hpbar
,void BossHpBar_Draw,gameplay,,SEMANTIC-MATCH,gameplay/boss_hpbar
,void BossHpBar_Stop,gameplay,,SEMANTIC-MATCH,gameplay/boss_hpbar
,s32 BossHpBar_IsActive,gameplay,,SEMANTIC-MATCH,gameplay/boss_hpbar
,s32 BossHpBar_GetHP,gameplay,,SEMANTIC-MATCH,gameplay/boss_hpbar
,void BossHpBar_Reset,gameplay,,SEMANTIC-MATCH,gameplay/boss_hpbar
,void BossIntro_Init,gameplay,,SEMANTIC-MATCH,gameplay/boss_intro
,void BossIntro_Start,gameplay,,SEMANTIC-MATCH,gameplay/boss_intro
,s32 BossIntro_Update,gameplay,,SEMANTIC-MATCH,gameplay/boss_intro
,void BossIntro_Reset,gameplay,,SEMANTIC-MATCH,gameplay/boss_intro
,void BossLaser_Init,gameplay,,SEMANTIC-MATCH,gameplay/boss_laser
,s32 BossLaser_Add,gameplay,,SEMANTIC-MATCH,gameplay/boss_laser
,void BossLaser_Update,gameplay,,SEMANTIC-MATCH,gameplay/boss_laser
,void BossLaser_Draw,gameplay,,SEMANTIC-MATCH,gameplay/boss_laser
,void BossLaser_Remove,gameplay,,SEMANTIC-MATCH,gameplay/boss_laser
,u32 BossLaser_GetCount,gameplay,,SEMANTIC-MATCH,gameplay/boss_laser
,void BossLaser_Clear,gameplay,,SEMANTIC-MATCH,gameplay/boss_laser
,void BossLaser_Reset,gameplay,,SEMANTIC-MATCH,gameplay/boss_laser
,void BossMinion_Init,gameplay,,SEMANTIC-MATCH,gameplay/boss_minion
,s32 BossMinion_Add,gameplay,,SEMANTIC-MATCH,gameplay/boss_minion
,void BossMinion_Update,gameplay,,SEMANTIC-MATCH,gameplay/boss_minion
,void BossMinion_Remove,gameplay,,SEMANTIC-MATCH,gameplay/boss_minion
,u32 BossMinion_GetCount,gameplay,,SEMANTIC-MATCH,gameplay/boss_minion
,void BossMinion_Clear,gameplay,,SEMANTIC-MATCH,gameplay/boss_minion
,void BossMinion_Reset,gameplay,,SEMANTIC-MATCH,gameplay/boss_minion
,void BossPattern_Init,gameplay,,SEMANTIC-MATCH,gameplay/boss_pattern
,s32 BossPattern_Add,gameplay,,SEMANTIC-MATCH,gameplay/boss_pattern
,void BossPattern_Update,gameplay,,SEMANTIC-MATCH,gameplay/boss_pattern
,void BossPattern_Remove,gameplay,,SEMANTIC-MATCH,gameplay/boss_pattern
,u32 BossPattern_GetCount,gameplay,,SEMANTIC-MATCH,gameplay/boss_pattern
,void BossPattern_Clear,gameplay,,SEMANTIC-MATCH,gameplay/boss_pattern
,void BossPattern_Reset,gameplay,,SEMANTIC-MATCH,gameplay/boss_pattern
,void BossProj_Init,gameplay,,SEMANTIC-MATCH,gameplay/boss_proj
,s32 BossProj_Add,gameplay,,SEMANTIC-MATCH,gameplay/boss_proj
,void BossProj_Update,gameplay,,SEMANTIC-MATCH,gameplay/boss_proj
,void BossProj_Remove,gameplay,,SEMANTIC-MATCH,gameplay/boss_proj
,u32 BossProj_GetCount,gameplay,,SEMANTIC-MATCH,gameplay/boss_proj
,void BossProj_Clear,gameplay,,SEMANTIC-MATCH,gameplay/boss_proj
,void BossProj_Reset,gameplay,,SEMANTIC-MATCH,gameplay/boss_proj
,void BossShield_Init,gameplay,,SEMANTIC-MATCH,gameplay/boss_shield
,void BossShield_Start,gameplay,,SEMANTIC-MATCH,gameplay/boss_shield
,void BossShield_Stop,gameplay,,SEMANTIC-MATCH,gameplay/boss_shield
,void BossShield_Update,gameplay,,SEMANTIC-MATCH,gameplay/boss_shield
,s32 BossShield_Hit,gameplay,,SEMANTIC-MATCH,gameplay/boss_shield
,s32 BossShield_IsActive,gameplay,,SEMANTIC-MATCH,gameplay/boss_shield
,s32 BossShield_GetHP,gameplay,,SEMANTIC-MATCH,gameplay/boss_shield
,void BossShield_Reset,gameplay,,SEMANTIC-MATCH,gameplay/boss_shield
,void BossTrigger_Init,gameplay,,SEMANTIC-MATCH,gameplay/boss_trigger
,s32 BossTrigger_Add,gameplay,,SEMANTIC-MATCH,gameplay/boss_trigger
,void BossTrigger_Remove,gameplay,,SEMANTIC-MATCH,gameplay/boss_trigger
,s32 BossTrigger_Check,gameplay,,SEMANTIC-MATCH,gameplay/boss_trigger
,u32 BossTrigger_GetBossId,gameplay,,SEMANTIC-MATCH,gameplay/boss_trigger
,s32 BossTrigger_IsTriggered,gameplay,,SEMANTIC-MATCH,gameplay/boss_trigger
,u32 BossTrigger_GetCount,gameplay,,SEMANTIC-MATCH,gameplay/boss_trigger
,void BossTrigger_Clear,gameplay,,SEMANTIC-MATCH,gameplay/boss_trigger
,void BossTrigger_Reset,gameplay,,SEMANTIC-MATCH,gameplay/boss_trigger
,void BossZone_Init,gameplay,,SEMANTIC-MATCH,gameplay/boss_zone
,s32 BossZone_Add,gameplay,,SEMANTIC-MATCH,gameplay/boss_zone
,void BossZone_Update,gameplay,,SEMANTIC-MATCH,gameplay/boss_zone
,void BossZone_Remove,gameplay,,SEMANTIC-MATCH,gameplay/boss_zone
,u32 BossZone_GetCount,gameplay,,SEMANTIC-MATCH,gameplay/boss_zone
,void BossZone_Clear,gameplay,,SEMANTIC-MATCH,gameplay/boss_zone
,void BossZone_Reset,gameplay,,SEMANTIC-MATCH,gameplay/boss_zone
,void BouncePad_Init,gameplay,,SEMANTIC-MATCH,gameplay/bounce_pad
,s32 BouncePad_Add,gameplay,,SEMANTIC-MATCH,gameplay/bounce_pad
,void BouncePad_Update,gameplay,,SEMANTIC-MATCH,gameplay/bounce_pad
,void BouncePad_Remove,gameplay,,SEMANTIC-MATCH,gameplay/bounce_pad
,u32 BouncePad_GetCount,gameplay,,SEMANTIC-MATCH,gameplay/bounce_pad
,void BouncePad_Clear,gameplay,,SEMANTIC-MATCH,gameplay/bounce_pad
,void BouncePad_Reset,gameplay,,SEMANTIC-MATCH,gameplay/bounce_pad
,void BouncyFloor_Init,gameplay,,SEMANTIC-MATCH,gameplay/bouncy_floor
,s32 BouncyFloor_Add,gameplay,,SEMANTIC-MATCH,gameplay/bouncy_floor
,void BouncyFloor_Update,gameplay,,SEMANTIC-MATCH,gameplay/bouncy_floor
,void BouncyFloor_Remove,gameplay,,SEMANTIC-MATCH,gameplay/bouncy_floor
,u32 BouncyFloor_GetCount,gameplay,,SEMANTIC-MATCH,gameplay/bouncy_floor
,void BouncyFloor_Clear,gameplay,,SEMANTIC-MATCH,gameplay/bouncy_floor
,void BouncyFloor_Reset,gameplay,,SEMANTIC-MATCH,gameplay/bouncy_floor
,void BreakPlat_Init,gameplay,,SEMANTIC-MATCH,gameplay/break_plat
,s32 BreakPlat_Add,gameplay,,SEMANTIC-MATCH,gameplay/break_plat
,void BreakPlat_Update,gameplay,,SEMANTIC-MATCH,gameplay/break_plat
,void BreakPlat_Trigger,gameplay,,SEMANTIC-MATCH,gameplay/break_plat
,void BreakPlat_Remove,gameplay,,SEMANTIC-MATCH,gameplay/break_plat
,s32 BreakPlat_IsBroken,gameplay,,SEMANTIC-MATCH,gameplay/break_plat
,u32 BreakPlat_GetCount,gameplay,,SEMANTIC-MATCH,gameplay/break_plat
,s32 BreakPlat_IsActive,gameplay,,SEMANTIC-MATCH,gameplay/break_plat
,void BreakPlat_Clear,gameplay,,SEMANTIC-MATCH,gameplay/break_plat
,void BreakPlat_Reset,gameplay,,SEMANTIC-MATCH,gameplay/break_plat
,void BreakWall_Init,gameplay,,SEMANTIC-MATCH,gameplay/break_wall
,s32 BreakWall_Add,gameplay,,SEMANTIC-MATCH,gameplay/break_wall
,void BreakWall_Update,gameplay,,SEMANTIC-MATCH,gameplay/break_wall
,void BreakWall_Hit,gameplay,,SEMANTIC-MATCH,gameplay/break_wall
,void BreakWall_Remove,gameplay,,SEMANTIC-MATCH,gameplay/break_wall
,u32 BreakWall_GetCount,gameplay,,SEMANTIC-MATCH,gameplay/break_wall
,void BreakWall_Clear,gameplay,,SEMANTIC-MATCH,gameplay/break_wall
,void BreakWall_Reset,gameplay,,SEMANTIC-MATCH,gameplay/break_wall
,void BubbleSpawn_Init,gameplay,,SEMANTIC-MATCH,gameplay/bubble_spawn
,void BubbleSpawn_Update,gameplay,,SEMANTIC-MATCH,gameplay/bubble_spawn
,void BubbleSpawn_UpdateAll,gameplay,,SEMANTIC-MATCH,gameplay/bubble_spawn
,void BubbleSpawn_Clear,gameplay,,SEMANTIC-MATCH,gameplay/bubble_spawn
,void BubbleSpawn_Reset,gameplay,,SEMANTIC-MATCH,gameplay/bubble_spawn
,void BumperActor_Init,gameplay,,SEMANTIC-MATCH,gameplay/bumper_actor
,s32 BumperActor_Add,gameplay,,SEMANTIC-MATCH,gameplay/bumper_actor
,void BumperActor_Update,gameplay,,SEMANTIC-MATCH,gameplay/bumper_actor
,void BumperActor_Trig,gameplay,,SEMANTIC-MATCH,gameplay/bumper_actor
,void BumperActor_Remove,gameplay,,SEMANTIC-MATCH,gameplay/bumper_actor
,s32 BumperActor_GetX,gameplay,,SEMANTIC-MATCH,gameplay/bumper_actor
,s32 BumperActor_GetY,gameplay,,SEMANTIC-MATCH,gameplay/bumper_actor
,u32 BumperActor_GetCount,gameplay,,SEMANTIC-MATCH,gameplay/bumper_actor
,s32 BumperActor_IsActive,gameplay,,SEMANTIC-MATCH,gameplay/bumper_actor
,void BumperActor_Clear,gameplay,,SEMANTIC-MATCH,gameplay/bumper_actor
,void BumperActor_Reset,gameplay,,SEMANTIC-MATCH,gameplay/bumper_actor
,void BumperPad_Init,gameplay,,SEMANTIC-MATCH,gameplay/bumper_pad
,s32 BumperPad_Add,gameplay,,SEMANTIC-MATCH,gameplay/bumper_pad
,void BumperPad_Update,gameplay,,SEMANTIC-MATCH,gameplay/bumper_pad
,void BumperPad_Trig,gameplay,,SEMANTIC-MATCH,gameplay/bumper_pad
,void BumperPad_Remove,gameplay,,SEMANTIC-MATCH,gameplay/bumper_pad
,u32 BumperPad_GetCount,gameplay,,SEMANTIC-MATCH,gameplay/bumper_pad
,void BumperPad_Clear,gameplay,,SEMANTIC-MATCH,gameplay/bumper_pad
,void BumperPad_Reset,gameplay,,SEMANTIC-MATCH,gameplay/bumper_pad
,void Bumper_Update,gameplay,,SEMANTIC-MATCH,gameplay/bumper_spinner
,void Bumper_Bounce,gameplay,,SEMANTIC-MATCH,gameplay/bumper_spinner
,void Bumper_Init,gameplay,,SEMANTIC-MATCH,gameplay/bumper_spinner
,void Spinner_Update,gameplay,,SEMANTIC-MATCH,gameplay/bumper_spinner
,void Spinner_Launch,gameplay,,SEMANTIC-MATCH,gameplay/bumper_spinner
,void CamCutscene_Init,gameplay,,SEMANTIC-MATCH,gameplay/cam_cutscene
,void CamCutscene_Start,gameplay,,SEMANTIC-MATCH,gameplay/cam_cutscene
,void CamCutscene_Update,gameplay,,SEMANTIC-MATCH,gameplay/cam_cutscene
,s32 CamCutscene_IsActive,gameplay,,SEMANTIC-MATCH,gameplay/cam_cutscene
,void CamCutscene_Reset,gameplay,,SEMANTIC-MATCH,gameplay/cam_cutscene
,void CameraBounds_Init,gameplay,,SEMANTIC-MATCH,gameplay/camera_bounds
,void CameraBounds_Set,gameplay,,SEMANTIC-MATCH,gameplay/camera_bounds
,void CameraBounds_Update,gameplay,,SEMANTIC-MATCH,gameplay/camera_bounds
,s32 CameraBounds_GetLeft,gameplay,,SEMANTIC-MATCH,gameplay/camera_bounds
,s32 CameraBounds_GetRight,gameplay,,SEMANTIC-MATCH,gameplay/camera_bounds
,s32 CameraBounds_GetTop,gameplay,,SEMANTIC-MATCH,gameplay/camera_bounds
,s32 CameraBounds_GetBottom,gameplay,,SEMANTIC-MATCH,gameplay/camera_bounds
,void CameraBounds_Reset,gameplay,,SEMANTIC-MATCH,gameplay/camera_bounds
,void CameraBounds_Clamp,gameplay,,SEMANTIC-MATCH,gameplay/camera_bounds_game
,s32 CameraBounds_Check,gameplay,,SEMANTIC-MATCH,gameplay/camera_bounds_game
,void CameraCutscene_Init,gameplay,,SEMANTIC-MATCH,gameplay/camera_cutscene
,void CameraCutscene_Start,gameplay,,SEMANTIC-MATCH,gameplay/camera_cutscene
,s32 CameraCutscene_Update,gameplay,,SEMANTIC-MATCH,gameplay/camera_cutscene
,void CameraCutscene_Stop,gameplay,,SEMANTIC-MATCH,gameplay/camera_cutscene
,s32 CameraCutscene_IsActive,gameplay,,SEMANTIC-MATCH,gameplay/camera_cutscene
,u32 CameraCutscene_GetTimer,gameplay,,SEMANTIC-MATCH,gameplay/camera_cutscene
,u32 CameraCutscene_GetIndex,gameplay,,SEMANTIC-MATCH,gameplay/camera_cutscene
,void CameraCutscene_SetPath,gameplay,,SEMANTIC-MATCH,gameplay/camera_cutscene
,void CameraCutscene_Reset,gameplay,,SEMANTIC-MATCH,gameplay/camera_cutscene
,void CameraDeadzone_Init,gameplay,,SEMANTIC-MATCH,gameplay/camera_deadzone
,void CameraDeadzone_Set,gameplay,,SEMANTIC-MATCH,gameplay/camera_deadzone
,s32 CameraDeadzone_Update,gameplay,,SEMANTIC-MATCH,gameplay/camera_deadzone
,void CameraDeadzone_Stop,gameplay,,SEMANTIC-MATCH,gameplay/camera_deadzone
,s32 CameraDeadzone_IsActive,gameplay,,SEMANTIC-MATCH,gameplay/camera_deadzone
,void CameraDeadzone_GetRect,gameplay,,SEMANTIC-MATCH,gameplay/camera_deadzone
,void CameraDeadzone_Reset,gameplay,,SEMANTIC-MATCH,gameplay/camera_deadzone
,void CameraFollow_Init,gameplay,,SEMANTIC-MATCH,gameplay/camera_follow
,void CameraFollow_SetSpeed,gameplay,,SEMANTIC-MATCH,gameplay/camera_follow
,void CameraFollow_SetDeadzone,gameplay,,SEMANTIC-MATCH,gameplay/camera_follow
,void CameraFollow_Update,gameplay,,SEMANTIC-MATCH,gameplay/camera_follow
,void CameraFollow_Reset,gameplay,,SEMANTIC-MATCH,gameplay/camera_follow
,void CameraLerp_Init,gameplay,,SEMANTIC-MATCH,gameplay/camera_lerp
,void CameraLerp_Start,gameplay,,SEMANTIC-MATCH,gameplay/camera_lerp
,void CameraLerp_Update,gameplay,,SEMANTIC-MATCH,gameplay/camera_lerp
,void CameraLerp_Skip,gameplay,,SEMANTIC-MATCH,gameplay/camera_lerp
,s32 CameraLerp_IsActive,gameplay,,SEMANTIC-MATCH,gameplay/camera_lerp
,void CameraLerp_Reset,gameplay,,SEMANTIC-MATCH,gameplay/camera_lerp
,void CameraLock_Init,gameplay,,SEMANTIC-MATCH,gameplay/camera_lock
,void CameraLock_LockX,gameplay,,SEMANTIC-MATCH,gameplay/camera_lock
,void CameraLock_LockY,gameplay,,SEMANTIC-MATCH,gameplay/camera_lock
,void CameraLock_SetPos,gameplay,,SEMANTIC-MATCH,gameplay/camera_lock
,void CameraLock_Update,gameplay,,SEMANTIC-MATCH,gameplay/camera_lock
,s32 CameraLock_IsLockedX,gameplay,,SEMANTIC-MATCH,gameplay/camera_lock
,s32 CameraLock_IsLockedY,gameplay,,SEMANTIC-MATCH,gameplay/camera_lock
,void CameraLock_Reset,gameplay,,SEMANTIC-MATCH,gameplay/camera_lock
,void CameraMode_Init,gameplay,,SEMANTIC-MATCH,gameplay/camera_mode
,void CameraMode_Set,gameplay,,SEMANTIC-MATCH,gameplay/camera_mode
,void CameraMode_Update,gameplay,,SEMANTIC-MATCH,gameplay/camera_mode
,void CameraMode_SetMode,gameplay,,SEMANTIC-MATCH,gameplay/camera_mode
,u32 CameraMode_GetMode,gameplay,,SEMANTIC-MATCH,gameplay/camera_mode
,u32 CameraMode_GetTimer,gameplay,,SEMANTIC-MATCH,gameplay/camera_mode
,u32 CameraMode_GetParam,gameplay,,SEMANTIC-MATCH,gameplay/camera_mode
,void CameraMode_Reset,gameplay,,SEMANTIC-MATCH,gameplay/camera_mode
,void CameraScroll_Init,gameplay,,SEMANTIC-MATCH,gameplay/camera_scroll
,void CameraScroll_Start,gameplay,,SEMANTIC-MATCH,gameplay/camera_scroll
,void CameraScroll_Update,gameplay,,SEMANTIC-MATCH,gameplay/camera_scroll
,void CameraScroll_Stop,gameplay,,SEMANTIC-MATCH,gameplay/camera_scroll
,s32 CameraScroll_IsActive,gameplay,,SEMANTIC-MATCH,gameplay/camera_scroll
,u32 CameraScroll_GetType,gameplay,,SEMANTIC-MATCH,gameplay/camera_scroll
,u32 CameraScroll_GetTimer,gameplay,,SEMANTIC-MATCH,gameplay/camera_scroll
,void CameraScroll_SetSpeed,gameplay,,SEMANTIC-MATCH,gameplay/camera_scroll
,void CameraScroll_Reset,gameplay,,SEMANTIC-MATCH,gameplay/camera_scroll
,void CameraShake_Init,gameplay,,SEMANTIC-MATCH,gameplay/camera_shake
,void CameraShake_Start,gameplay,,SEMANTIC-MATCH,gameplay/camera_shake
,void CameraShake_Update,gameplay,,SEMANTIC-MATCH,gameplay/camera_shake
,void CameraShake_Stop,gameplay,,SEMANTIC-MATCH,gameplay/camera_shake
,s32 CameraShake_IsActive,gameplay,,SEMANTIC-MATCH,gameplay/camera_shake
,void CameraShake_Reset,gameplay,,SEMANTIC-MATCH,gameplay/camera_shake
,void CameraTrigger_Init,gameplay,,SEMANTIC-MATCH,gameplay/camera_trigger
,s32 CameraTrigger_Add,gameplay,,SEMANTIC-MATCH,gameplay/camera_trigger
,void CameraTrigger_Remove,gameplay,,SEMANTIC-MATCH,gameplay/camera_trigger
,s32 CameraTrigger_Check,gameplay,,SEMANTIC-MATCH,gameplay/camera_trigger
,u32 CameraTrigger_GetMode,gameplay,,SEMANTIC-MATCH,gameplay/camera_trigger
,s32 CameraTrigger_IsTriggered,gameplay,,SEMANTIC-MATCH,gameplay/camera_trigger
,u32 CameraTrigger_GetCount,gameplay,,SEMANTIC-MATCH,gameplay/camera_trigger
,void CameraTrigger_Clear,gameplay,,SEMANTIC-MATCH,gameplay/camera_trigger
,void CameraTrigger_Reset,gameplay,,SEMANTIC-MATCH,gameplay/camera_trigger
,void CamLock_Init,gameplay,,SEMANTIC-MATCH,gameplay/cam_lock
,void CamLock_SetX,gameplay,,SEMANTIC-MATCH,gameplay/cam_lock
,void CamLock_SetY,gameplay,,SEMANTIC-MATCH,gameplay/cam_lock
,void CamLock_UnlockX,gameplay,,SEMANTIC-MATCH,gameplay/cam_lock
,void CamLock_UnlockY,gameplay,,SEMANTIC-MATCH,gameplay/cam_lock
,void CamLock_UnlockAll,gameplay,,SEMANTIC-MATCH,gameplay/cam_lock
,void CamLock_Update,gameplay,,SEMANTIC-MATCH,gameplay/cam_lock
,void CamLock_Reset,gameplay,,SEMANTIC-MATCH,gameplay/cam_lock
,void CamMode_Init,gameplay,,SEMANTIC-MATCH,gameplay/cam_mode
,void CamMode_Set,gameplay,,SEMANTIC-MATCH,gameplay/cam_mode
,u32 CamMode_Get,gameplay,,SEMANTIC-MATCH,gameplay/cam_mode
,void CamMode_Update,gameplay,,SEMANTIC-MATCH,gameplay/cam_mode
,void CamMode_Reset,gameplay,,SEMANTIC-MATCH,gameplay/cam_mode
,void CamPan_Init,gameplay,,SEMANTIC-MATCH,gameplay/cam_pan
,void CamPan_Start,gameplay,,SEMANTIC-MATCH,gameplay/cam_pan
,void CamPan_Update,gameplay,,SEMANTIC-MATCH,gameplay/cam_pan
,s32 CamPan_IsActive,gameplay,,SEMANTIC-MATCH,gameplay/cam_pan
,void CamPan_Reset,gameplay,,SEMANTIC-MATCH,gameplay/cam_pan
,void CamScroll_Init,gameplay,,SEMANTIC-MATCH,gameplay/cam_scroll
,void CamScroll_SetTarget,gameplay,,SEMANTIC-MATCH,gameplay/cam_scroll
,void CamScroll_GetTarget,gameplay,,SEMANTIC-MATCH,gameplay/cam_scroll
,void CamScroll_Update,gameplay,,SEMANTIC-MATCH,gameplay/cam_scroll
,void CamScroll_SetPosition,gameplay,,SEMANTIC-MATCH,gameplay/cam_scroll
,void CamScroll_GetPosition,gameplay,,SEMANTIC-MATCH,gameplay/cam_scroll
,void CamScroll_Reset,gameplay,,SEMANTIC-MATCH,gameplay/cam_scroll
,void CamTrigger_Init,gameplay,,SEMANTIC-MATCH,gameplay/cam_trigger
,s32 CamTrigger_Add,gameplay,,SEMANTIC-MATCH,gameplay/cam_trigger
,void CamTrigger_Update,gameplay,,SEMANTIC-MATCH,gameplay/cam_trigger
,void CamTrigger_Remove,gameplay,,SEMANTIC-MATCH,gameplay/cam_trigger
,u32 CamTrigger_GetCount,gameplay,,SEMANTIC-MATCH,gameplay/cam_trigger
,void CamTrigger_Clear,gameplay,,SEMANTIC-MATCH,gameplay/cam_trigger
,void CamTrigger_Reset,gameplay,,SEMANTIC-MATCH,gameplay/cam_trigger
,void CamZoom_Init,gameplay,,SEMANTIC-MATCH,gameplay/cam_zoom
,void CamZoom_SetTarget,gameplay,,SEMANTIC-MATCH,gameplay/cam_zoom
,void CamZoom_Update,gameplay,,SEMANTIC-MATCH,gameplay/cam_zoom
,void CamZoom_SetImmediate,gameplay,,SEMANTIC-MATCH,gameplay/cam_zoom
,u32 CamZoom_GetLevel,gameplay,,SEMANTIC-MATCH,gameplay/cam_zoom
,s32 CamZoom_IsActive,gameplay,,SEMANTIC-MATCH,gameplay/cam_zoom
,void CamZoom_Reset,gameplay,,SEMANTIC-MATCH,gameplay/cam_zoom
,void Capsule_Init,gameplay,,SEMANTIC-MATCH,gameplay/capsule
,s32 Capsule_Add,gameplay,,SEMANTIC-MATCH,gameplay/capsule
,void Capsule_Update,gameplay,,SEMANTIC-MATCH,gameplay/capsule
,void Capsule_Remove,gameplay,,SEMANTIC-MATCH,gameplay/capsule
,u32 Capsule_GetCount,gameplay,,SEMANTIC-MATCH,gameplay/capsule
,void Capsule_Clear,gameplay,,SEMANTIC-MATCH,gameplay/capsule
,void Capsule_Reset,gameplay,,SEMANTIC-MATCH,gameplay/capsule
,void ChainBonus_Init,gameplay,,SEMANTIC-MATCH,gameplay/chain_bonus
,void ChainBonus_Add,gameplay,,SEMANTIC-MATCH,gameplay/chain_bonus
,void ChainBonus_Update,gameplay,,SEMANTIC-MATCH,gameplay/chain_bonus
,void ChainBonus_Remove,gameplay,,SEMANTIC-MATCH,gameplay/chain_bonus
,u32 ChainBonus_GetCount,gameplay,,SEMANTIC-MATCH,gameplay/chain_bonus
,void ChainBonus_Clear,gameplay,,SEMANTIC-MATCH,gameplay/chain_bonus
,void ChainBonus_Reset,gameplay,,SEMANTIC-MATCH,gameplay/chain_bonus
,void ChainDisp_Init,gameplay,,SEMANTIC-MATCH,gameplay/chain_disp
,void ChainDisp_Start,gameplay,,SEMANTIC-MATCH,gameplay/chain_disp
,void ChainDisp_Update,gameplay,,SEMANTIC-MATCH,gameplay/chain_disp
,void ChainDisp_Draw,gameplay,,SEMANTIC-MATCH,gameplay/chain_disp
,s32 ChainDisp_IsActive,gameplay,,SEMANTIC-MATCH,gameplay/chain_disp
,void ChainDisp_Reset,gameplay,,SEMANTIC-MATCH,gameplay/chain_disp
,void ChainDisplay_Init,gameplay,,SEMANTIC-MATCH,gameplay/chain_display
,void ChainDisplay_SetPosition,gameplay,,SEMANTIC-MATCH,gameplay/chain_display
,void ChainDisplay_Draw,gameplay,,SEMANTIC-MATCH,gameplay/chain_display
,void ChainDisplay_Show,gameplay,,SEMANTIC-MATCH,gameplay/chain_display
,void ChainDisplay_Hide,gameplay,,SEMANTIC-MATCH,gameplay/chain_display
,s32 ChainDisplay_IsVisible,gameplay,,SEMANTIC-MATCH,gameplay/chain_display
,void ChainDisplay_GetPosition,gameplay,,SEMANTIC-MATCH,gameplay/chain_display
,void ChainDisplay_Reset,gameplay,,SEMANTIC-MATCH,gameplay/chain_display
,void CharSelect_Init,gameplay,,SEMANTIC-MATCH,gameplay/char_select
,void CharSelect_Start,gameplay,,SEMANTIC-MATCH,gameplay/char_select
,u32 CharSelect_Update,gameplay,,SEMANTIC-MATCH,gameplay/char_select
,void CharSelect_Draw,gameplay,,SEMANTIC-MATCH,gameplay/char_select
,u32 CharSelect_GetSelection,gameplay,,SEMANTIC-MATCH,gameplay/char_select
,void CharSelect_Reset,gameplay,,SEMANTIC-MATCH,gameplay/char_select
,void Checkpoint_Init,gameplay,,SEMANTIC-MATCH,gameplay/checkpoint
,s32 Checkpoint_Add,gameplay,,SEMANTIC-MATCH,gameplay/checkpoint
,void Checkpoint_Update,gameplay,,SEMANTIC-MATCH,gameplay/checkpoint
,void Checkpoint_Remove,gameplay,,SEMANTIC-MATCH,gameplay/checkpoint
,u32 Checkpoint_GetCount,gameplay,,SEMANTIC-MATCH,gameplay/checkpoint
,void Checkpoint_Clear,gameplay,,SEMANTIC-MATCH,gameplay/checkpoint
,void Checkpoint_Reset,gameplay,,SEMANTIC-MATCH,gameplay/checkpoint
,void CheckpointWarp_Init,gameplay,,SEMANTIC-MATCH,gameplay/checkpoint_warp
,s32 CheckpointWarp_Add,gameplay,,SEMANTIC-MATCH,gameplay/checkpoint_warp
,void CheckpointWarp_Update,gameplay,,SEMANTIC-MATCH,gameplay/checkpoint_warp
,void CheckpointWarp_Remove,gameplay,,SEMANTIC-MATCH,gameplay/checkpoint_warp
,s32 CheckpointWarp_GetDestX,gameplay,,SEMANTIC-MATCH,gameplay/checkpoint_warp
,s32 CheckpointWarp_GetDestY,gameplay,,SEMANTIC-MATCH,gameplay/checkpoint_warp
,u32 CheckpointWarp_GetDestZone,gameplay,,SEMANTIC-MATCH,gameplay/checkpoint_warp
,u32 CheckpointWarp_GetCount,gameplay,,SEMANTIC-MATCH,gameplay/checkpoint_warp
,s32 CheckpointWarp_IsActive,gameplay,,SEMANTIC-MATCH,gameplay/checkpoint_warp
,void CheckpointWarp_Clear,gameplay,,SEMANTIC-MATCH,gameplay/checkpoint_warp
,void CheckpointWarp_Reset,gameplay,,SEMANTIC-MATCH,gameplay/checkpoint_warp
,void ChunkLoader_Init,gameplay,,SEMANTIC-MATCH,gameplay/chunk_loader
,void ChunkLoader_SetRadius,gameplay,,SEMANTIC-MATCH,gameplay/chunk_loader
,void ChunkLoader_Update,gameplay,,SEMANTIC-MATCH,gameplay/chunk_loader
,void ChunkLoader_LoadNearby,gameplay,,SEMANTIC-MATCH,gameplay/chunk_loader
,s32 ChunkLoader_GetChunkX,gameplay,,SEMANTIC-MATCH,gameplay/chunk_loader
,s32 ChunkLoader_GetChunkY,gameplay,,SEMANTIC-MATCH,gameplay/chunk_loader
,u32 ChunkLoader_GetRadius,gameplay,,SEMANTIC-MATCH,gameplay/chunk_loader
,void ChunkLoader_Reset,gameplay,,SEMANTIC-MATCH,gameplay/chunk_loader
,void CollDispatch_Init,gameplay,,SEMANTIC-MATCH,gameplay/coll_dispatch
,s32 CollDispatch_Add,gameplay,,SEMANTIC-MATCH,gameplay/coll_dispatch
,void CollDispatch_Update,gameplay,,SEMANTIC-MATCH,gameplay/coll_dispatch
,void CollDispatch_Remove,gameplay,,SEMANTIC-MATCH,gameplay/coll_dispatch
,u32 CollDispatch_GetCount,gameplay,,SEMANTIC-MATCH,gameplay/coll_dispatch
,void CollDispatch_Clear,gameplay,,SEMANTIC-MATCH,gameplay/coll_dispatch
,void CollDispatch_Reset,gameplay,,SEMANTIC-MATCH,gameplay/coll_dispatch
,void CollectHelper_Init,gameplay,,SEMANTIC-MATCH,gameplay/collect_helper
,s32 CollectHelper_Add,gameplay,,SEMANTIC-MATCH,gameplay/collect_helper
,void CollectHelper_Update,gameplay,,SEMANTIC-MATCH,gameplay/collect_helper
,void CollectHelper_Remove,gameplay,,SEMANTIC-MATCH,gameplay/collect_helper
,u32 CollectHelper_GetCount,gameplay,,SEMANTIC-MATCH,gameplay/collect_helper
,void CollectHelper_Clear,gameplay,,SEMANTIC-MATCH,gameplay/collect_helper
,void CollectHelper_Reset,gameplay,,SEMANTIC-MATCH,gameplay/collect_helper
,void Collectible_Init,gameplay,,SEMANTIC-MATCH,gameplay/collectible
,s32 Collectible_Add,gameplay,,SEMANTIC-MATCH,gameplay/collectible
,void Collectible_Update,gameplay,,SEMANTIC-MATCH,gameplay/collectible
,void Collectible_Remove,gameplay,,SEMANTIC-MATCH,gameplay/collectible
,u32 Collectible_GetCount,gameplay,,SEMANTIC-MATCH,gameplay/collectible
,void Collectible_Clear,gameplay,,SEMANTIC-MATCH,gameplay/collectible
,void Collectible_Reset,gameplay,,SEMANTIC-MATCH,gameplay/collectible
,void CollResolve_Init,gameplay,,SEMANTIC-MATCH,gameplay/coll_resolve
,s32 CollResolve_Add,gameplay,,SEMANTIC-MATCH,gameplay/coll_resolve
,void CollResolve_Update,gameplay,,SEMANTIC-MATCH,gameplay/coll_resolve
,void CollResolve_Remove,gameplay,,SEMANTIC-MATCH,gameplay/coll_resolve
,u32 CollResolve_GetCount,gameplay,,SEMANTIC-MATCH,gameplay/coll_resolve
,void CollResolve_Clear,gameplay,,SEMANTIC-MATCH,gameplay/coll_resolve
,void CollResolve_Reset,gameplay,,SEMANTIC-MATCH,gameplay/coll_resolve
,s32 CollResp_GetResponseType,gameplay,,SEMANTIC-MATCH,gameplay/coll_resp
,void CollResp_OnHit,gameplay,,SEMANTIC-MATCH,gameplay/coll_resp
,s32 CollResp_ShouldCollide,gameplay,,SEMANTIC-MATCH,gameplay/coll_resp
,void Combo_Init,gameplay,,SEMANTIC-MATCH,gameplay/combo
,void Combo_Add,gameplay,,SEMANTIC-MATCH,gameplay/combo
,void Combo_Update,gameplay,,SEMANTIC-MATCH,gameplay/combo
,void Combo_Reset,gameplay,,SEMANTIC-MATCH,gameplay/combo
,u32 Combo_Get,gameplay,,SEMANTIC-MATCH,gameplay/combo
,u32 Combo_GetMax,gameplay,,SEMANTIC-MATCH,gameplay/combo
,s32 Combo_IsActive,gameplay,,SEMANTIC-MATCH,gameplay/combo
,u32 Combo_GetTimer,gameplay,,SEMANTIC-MATCH,gameplay/combo
,u32 Combo_GetProgress,gameplay,,SEMANTIC-MATCH,gameplay/combo
,u32 Combo_GetScore,gameplay,,SEMANTIC-MATCH,gameplay/combo
,void Combo_SetMax,gameplay,,SEMANTIC-MATCH,gameplay/combo
,void Combo_AddTimer,gameplay,,SEMANTIC-MATCH,gameplay/combo
,void ComboCounter_Init,gameplay,,SEMANTIC-MATCH,gameplay/combo_counter
,void ComboCounter_Add,gameplay,,SEMANTIC-MATCH,gameplay/combo_counter
,void ComboCounter_Update,gameplay,,SEMANTIC-MATCH,gameplay/combo_counter
,u32 ComboCounter_Get,gameplay,,SEMANTIC-MATCH,gameplay/combo_counter
,u32 ComboCounter_GetMax,gameplay,,SEMANTIC-MATCH,gameplay/combo_counter
,s32 ComboCounter_IsActive,gameplay,,SEMANTIC-MATCH,gameplay/combo_counter
,void ComboCounter_Reset,gameplay,,SEMANTIC-MATCH,gameplay/combo_counter
,void ComboDisplay_Init,gameplay,,SEMANTIC-MATCH,gameplay/combo_display
,void ComboDisplay_SetPosition,gameplay,,SEMANTIC-MATCH,gameplay/combo_display
,void ComboDisplay_Draw,gameplay,,SEMANTIC-MATCH,gameplay/combo_display
,void ComboDisplay_Show,gameplay,,SEMANTIC-MATCH,gameplay/combo_display
,void ComboDisplay_Hide,gameplay,,SEMANTIC-MATCH,gameplay/combo_display
,s32 ComboDisplay_IsVisible,gameplay,,SEMANTIC-MATCH,gameplay/combo_display
,void ComboDisplay_GetPosition,gameplay,,SEMANTIC-MATCH,gameplay/combo_display
,void ComboDisplay_Reset,gameplay,,SEMANTIC-MATCH,gameplay/combo_display
,void Conveyor_Init,gameplay,,SEMANTIC-MATCH,gameplay/conveyor
,s32 Conveyor_Add,gameplay,,SEMANTIC-MATCH,gameplay/conveyor
,void Conveyor_Update,gameplay,,SEMANTIC-MATCH,gameplay/conveyor
,void Conveyor_Remove,gameplay,,SEMANTIC-MATCH,gameplay/conveyor
,u32 Conveyor_GetCount,gameplay,,SEMANTIC-MATCH,gameplay/conveyor
,void Conveyor_Clear,gameplay,,SEMANTIC-MATCH,gameplay/conveyor
,void Conveyor_Reset,gameplay,,SEMANTIC-MATCH,gameplay/conveyor
,void CrumblePlat_Init,gameplay,,SEMANTIC-MATCH,gameplay/crumble_plat
,s32 CrumblePlat_Add,gameplay,,SEMANTIC-MATCH,gameplay/crumble_plat
,void CrumblePlat_Update,gameplay,,SEMANTIC-MATCH,gameplay/crumble_plat
,void CrumblePlat_Remove,gameplay,,SEMANTIC-MATCH,gameplay/crumble_plat
,u32 CrumblePlat_GetCount,gameplay,,SEMANTIC-MATCH,gameplay/crumble_plat
,void CrumblePlat_Clear,gameplay,,SEMANTIC-MATCH,gameplay/crumble_plat
,void CrumblePlat_Reset,gameplay,,SEMANTIC-MATCH,gameplay/crumble_plat
,void CrumblePlatform_Update,gameplay,,SEMANTIC-MATCH,gameplay/crumble_platform
,void CrumblePlatform_Shake,gameplay,,SEMANTIC-MATCH,gameplay/crumble_platform
,s32 CrumblePlatform_CheckPlayerOn,gameplay,,SEMANTIC-MATCH,gameplay/crumble_platform
,void CrumblePlatform_Respawn,gameplay,,SEMANTIC-MATCH,gameplay/crumble_platform
,void CrumblePlatform_Init,gameplay,,SEMANTIC-MATCH,gameplay/crumble_platform
,void Cutscene_Init,gameplay,,SEMANTIC-MATCH,gameplay/cutscene
,s32 Cutscene_Update,gameplay,,SEMANTIC-MATCH,gameplay/cutscene
,void Cutscene_Draw,gameplay,,SEMANTIC-MATCH,gameplay/cutscene
,void Cutscene_LoadData,gameplay,,SEMANTIC-MATCH,gameplay/cutscene
,s32 Damage_Check,gameplay,,SEMANTIC-MATCH,gameplay/damage
,void Damage_Apply,gameplay,,SEMANTIC-MATCH,gameplay/damage
,void Damage_InvulnUpdate,gameplay,,SEMANTIC-MATCH,gameplay/damage
,void Damage_InvulnEnd,gameplay,,SEMANTIC-MATCH,gameplay/damage
,s32 Damage_IsInvuln,gameplay,,SEMANTIC-MATCH,gameplay/damage
,void DamageEffect_Init,gameplay,,SEMANTIC-MATCH,gameplay/damage_effect
,void DamageEffect_Start,gameplay,,SEMANTIC-MATCH,gameplay/damage_effect
,void DamageEffect_Update,gameplay,,SEMANTIC-MATCH,gameplay/damage_effect
,void DamageEffect_Stop,gameplay,,SEMANTIC-MATCH,gameplay/damage_effect
,s32 DamageEffect_IsActive,gameplay,,SEMANTIC-MATCH,gameplay/damage_effect
,u32 DamageEffect_GetTimer,gameplay,,SEMANTIC-MATCH,gameplay/damage_effect
,void DamageEffect_GetDirection,gameplay,,SEMANTIC-MATCH,gameplay/damage_effect
,s32 DamageEffect_ShouldFlicker,gameplay,,SEMANTIC-MATCH,gameplay/damage_effect
,u32 DamageEffect_GetProgress,gameplay,,SEMANTIC-MATCH,gameplay/damage_effect
,void DamageEffect_Reset,gameplay,,SEMANTIC-MATCH,gameplay/damage_effect
,void DashActor_Init,gameplay,,SEMANTIC-MATCH,gameplay/dash_actor
,s32 DashActor_Add,gameplay,,SEMANTIC-MATCH,gameplay/dash_actor
,void DashActor_Update,gameplay,,SEMANTIC-MATCH,gameplay/dash_actor
,void DashActor_Remove,gameplay,,SEMANTIC-MATCH,gameplay/dash_actor
,s32 DashActor_GetX,gameplay,,SEMANTIC-MATCH,gameplay/dash_actor
,s32 DashActor_GetY,gameplay,,SEMANTIC-MATCH,gameplay/dash_actor
,u32 DashActor_GetCount,gameplay,,SEMANTIC-MATCH,gameplay/dash_actor
,s32 DashActor_IsActive,gameplay,,SEMANTIC-MATCH,gameplay/dash_actor
,void DashActor_Clear,gameplay,,SEMANTIC-MATCH,gameplay/dash_actor
,void DashActor_Reset,gameplay,,SEMANTIC-MATCH,gameplay/dash_actor
,void DashEffect_Init,gameplay,,SEMANTIC-MATCH,gameplay/dash_effect
,void DashEffect_Start,gameplay,,SEMANTIC-MATCH,gameplay/dash_effect
,void DashEffect_Update,gameplay,,SEMANTIC-MATCH,gameplay/dash_effect
,void DashEffect_Draw,gameplay,,SEMANTIC-MATCH,gameplay/dash_effect
,void DashEffect_Stop,gameplay,,SEMANTIC-MATCH,gameplay/dash_effect
,s32 DashEffect_IsActive,gameplay,,SEMANTIC-MATCH,gameplay/dash_effect
,u32 DashEffect_GetTimer,gameplay,,SEMANTIC-MATCH,gameplay/dash_effect
,u32 DashEffect_GetDirection,gameplay,,SEMANTIC-MATCH,gameplay/dash_effect
,void DashEffect_GetPosition,gameplay,,SEMANTIC-MATCH,gameplay/dash_effect
,void DashEffect_Reset,gameplay,,SEMANTIC-MATCH,gameplay/dash_effect
,void DashPanel_Init,gameplay,,SEMANTIC-MATCH,gameplay/dash_panel
,s32 DashPanel_Add,gameplay,,SEMANTIC-MATCH,gameplay/dash_panel
,void DashPanel_Update,gameplay,,SEMANTIC-MATCH,gameplay/dash_panel
,void DashPanel_Remove,gameplay,,SEMANTIC-MATCH,gameplay/dash_panel
,u32 DashPanel_GetCount,gameplay,,SEMANTIC-MATCH,gameplay/dash_panel
,void DashPanel_Clear,gameplay,,SEMANTIC-MATCH,gameplay/dash_panel
,void DashPanel_Reset,gameplay,,SEMANTIC-MATCH,gameplay/dash_panel
,s32 DashPanel_CheckPlayer,gameplay,,SEMANTIC-MATCH,gameplay/dashpanel
,void DashPanel_Dash,gameplay,,SEMANTIC-MATCH,gameplay/dashpanel
,void Death_Init,gameplay,,SEMANTIC-MATCH,gameplay/death
,void Death_Update,gameplay,,SEMANTIC-MATCH,gameplay/death
,void Death_Respawn,gameplay,,SEMANTIC-MATCH,gameplay/death
,s32 Death_IsDead,gameplay,,SEMANTIC-MATCH,gameplay/death
,void Death_GameOver,gameplay,,SEMANTIC-MATCH,gameplay/death
,void DeathPlane_Init,gameplay,,SEMANTIC-MATCH,gameplay/death_plane
,s32 DeathPlane_Add,gameplay,,SEMANTIC-MATCH,gameplay/death_plane
,void DeathPlane_Update,gameplay,,SEMANTIC-MATCH,gameplay/death_plane
,void DeathPlane_Remove,gameplay,,SEMANTIC-MATCH,gameplay/death_plane
,u32 DeathPlane_GetCount,gameplay,,SEMANTIC-MATCH,gameplay/death_plane
,void DeathPlane_Clear,gameplay,,SEMANTIC-MATCH,gameplay/death_plane
,void DeathPlane_Reset,gameplay,,SEMANTIC-MATCH,gameplay/death_plane
,void DeathSeq_Init,gameplay,,SEMANTIC-MATCH,gameplay/death_seq
,void DeathSeq_Start,gameplay,,SEMANTIC-MATCH,gameplay/death_seq
,s32 DeathSeq_Update,gameplay,,SEMANTIC-MATCH,gameplay/death_seq
,void DeathSeq_Draw,gameplay,,SEMANTIC-MATCH,gameplay/death_seq
,u32 DeathSeq_GetState,gameplay,,SEMANTIC-MATCH,gameplay/death_seq
,u32 DeathSeq_GetTimer,gameplay,,SEMANTIC-MATCH,gameplay/death_seq
,void DeathSeq_Reset,gameplay,,SEMANTIC-MATCH,gameplay/death_seq
,void Debris_Init,gameplay,,SEMANTIC-MATCH,gameplay/debris
,s32 Debris_Spawn,gameplay,,SEMANTIC-MATCH,gameplay/debris
,void Debris_Update,gameplay,,SEMANTIC-MATCH,gameplay/debris
,void Debris_Draw,gameplay,,SEMANTIC-MATCH,gameplay/debris
,void Debris_Remove,gameplay,,SEMANTIC-MATCH,gameplay/debris
,u32 Debris_GetCount,gameplay,,SEMANTIC-MATCH,gameplay/debris
,void Debris_Clear,gameplay,,SEMANTIC-MATCH,gameplay/debris
,void Debris_Reset,gameplay,,SEMANTIC-MATCH,gameplay/debris
,void DestroyBlock_Init,gameplay,,SEMANTIC-MATCH,gameplay/destroy_block
,s32 DestroyBlock_Add,gameplay,,SEMANTIC-MATCH,gameplay/destroy_block
,void DestroyBlock_Update,gameplay,,SEMANTIC-MATCH,gameplay/destroy_block
,void DestroyBlock_Destroy,gameplay,,SEMANTIC-MATCH,gameplay/destroy_block
,void DestroyBlock_Remove,gameplay,,SEMANTIC-MATCH,gameplay/destroy_block
,u32 DestroyBlock_GetCount,gameplay,,SEMANTIC-MATCH,gameplay/destroy_block
,void DestroyBlock_Clear,gameplay,,SEMANTIC-MATCH,gameplay/destroy_block
,void DestroyBlock_Reset,gameplay,,SEMANTIC-MATCH,gameplay/destroy_block
,void Dialogue_Init,gameplay,,SEMANTIC-MATCH,gameplay/dialogue
,s32 Dialogue_Update,gameplay,,SEMANTIC-MATCH,gameplay/dialogue
,void Dialogue_Draw,gameplay,,SEMANTIC-MATCH,gameplay/dialogue
,void Dialogue_LoadTable,gameplay,,SEMANTIC-MATCH,gameplay/dialogue
,void Dialogue_UpdateText,gameplay,,SEMANTIC-MATCH,gameplay/dialogue
,s32 DisplayEffect_Add,gameplay,,SEMANTIC-MATCH,gameplay/display_effect
,void DisplayEffect_Remove,gameplay,,SEMANTIC-MATCH,gameplay/display_effect
,u32 DisplayEffect_GetCount,gameplay,,SEMANTIC-MATCH,gameplay/display_effect
,void DisplayEffect_Clear,gameplay,,SEMANTIC-MATCH,gameplay/display_effect
,void DisplayEffect_Reset,gameplay,,SEMANTIC-MATCH,gameplay/display_effect
,void DisplayScroll_GetPosition,gameplay,,SEMANTIC-MATCH,gameplay/display_scroll
,void DisplayScroll_SetOffset,gameplay,,SEMANTIC-MATCH,gameplay/display_scroll
,void DisplayScroll_SetBgOffset,gameplay,,SEMANTIC-MATCH,gameplay/display_scroll
,void DisplayScroll_SetParallax,gameplay,,SEMANTIC-MATCH,gameplay/display_scroll
,void DisplayScroll_Reset,gameplay,,SEMANTIC-MATCH,gameplay/display_scroll
,void DisplayTransition_Start,gameplay,,SEMANTIC-MATCH,gameplay/display_transition
,s32 DisplayTransition_Update,gameplay,,SEMANTIC-MATCH,gameplay/display_transition
,u32 DisplayTransition_GetState,gameplay,,SEMANTIC-MATCH,gameplay/display_transition
,void DisplayTransition_Reset,gameplay,,SEMANTIC-MATCH,gameplay/display_transition
,s32 DisplayWindow_IsActive,gameplay,,SEMANTIC-MATCH,gameplay/display_window
,void DisplayWindow_Reset,gameplay,,SEMANTIC-MATCH,gameplay/display_window
,void DispPrio_Init,gameplay,,SEMANTIC-MATCH,gameplay/disp_prio
,void DispPrio_Add,gameplay,,SEMANTIC-MATCH,gameplay/disp_prio
,void DispPrio_Sort,gameplay,,SEMANTIC-MATCH,gameplay/disp_prio
,void DispPrio_Draw,gameplay,,SEMANTIC-MATCH,gameplay/disp_prio
,u32 DispPrio_GetCount,gameplay,,SEMANTIC-MATCH,gameplay/disp_prio
,void DispPrio_Clear,gameplay,,SEMANTIC-MATCH,gameplay/disp_prio
,void DispPrio_Reset,gameplay,,SEMANTIC-MATCH,gameplay/disp_prio
,void DScrollHelper_Init,gameplay,,SEMANTIC-MATCH,gameplay/dscroll_helper
,void DScrollHelper_Start,gameplay,,SEMANTIC-MATCH,gameplay/dscroll_helper
,void DScrollHelper_Update,gameplay,,SEMANTIC-MATCH,gameplay/dscroll_helper
,void DScrollHelper_Stop,gameplay,,SEMANTIC-MATCH,gameplay/dscroll_helper
,s32 DScrollHelper_IsActive,gameplay,,SEMANTIC-MATCH,gameplay/dscroll_helper
,void DScrollHelper_Reset,gameplay,,SEMANTIC-MATCH,gameplay/dscroll_helper
,void Dust_Init,gameplay,,SEMANTIC-MATCH,gameplay/dust
,s32 Dust_Spawn,gameplay,,SEMANTIC-MATCH,gameplay/dust
,void Dust_Update,gameplay,,SEMANTIC-MATCH,gameplay/dust
,void Dust_Draw,gameplay,,SEMANTIC-MATCH,gameplay/dust
,void Dust_Remove,gameplay,,SEMANTIC-MATCH,gameplay/dust
,u32 Dust_GetCount,gameplay,,SEMANTIC-MATCH,gameplay/dust
,s32 Dust_IsActive,gameplay,,SEMANTIC-MATCH,gameplay/dust
,void Dust_SpawnAt,gameplay,,SEMANTIC-MATCH,gameplay/dust
,void Dust_Clear,gameplay,,SEMANTIC-MATCH,gameplay/dust
,void DustCloud_Init,gameplay,,SEMANTIC-MATCH,gameplay/dust_cloud
,s32 DustCloud_Spawn,gameplay,,SEMANTIC-MATCH,gameplay/dust_cloud
,void DustCloud_Update,gameplay,,SEMANTIC-MATCH,gameplay/dust_cloud
,void DustCloud_Draw,gameplay,,SEMANTIC-MATCH,gameplay/dust_cloud
,u32 DustCloud_GetCount,gameplay,,SEMANTIC-MATCH,gameplay/dust_cloud
,void DustCloud_Clear,gameplay,,SEMANTIC-MATCH,gameplay/dust_cloud
,void DustCloud_Reset,gameplay,,SEMANTIC-MATCH,gameplay/dust_cloud
,void Emerald_Init,gameplay,,SEMANTIC-MATCH,gameplay/emerald
,s32 Emerald_Collect,gameplay,,SEMANTIC-MATCH,gameplay/emerald
,s32 Emerald_Check,gameplay,,SEMANTIC-MATCH,gameplay/emerald
,u32 Emerald_GetCount,gameplay,,SEMANTIC-MATCH,gameplay/emerald
,s32 Emerald_HasAll,gameplay,,SEMANTIC-MATCH,gameplay/emerald
,void Emerald_LoadSaveData,gameplay,,SEMANTIC-MATCH,gameplay/emerald
,void Emerald_SaveData,gameplay,,SEMANTIC-MATCH,gameplay/emerald
,void EndingSeq_Init,gameplay,,SEMANTIC-MATCH,gameplay/ending_seq
,void EndingSeq_Start,gameplay,,SEMANTIC-MATCH,gameplay/ending_seq
,s32 EndingSeq_Update,gameplay,,SEMANTIC-MATCH,gameplay/ending_seq
,void EndingSeq_Draw,gameplay,,SEMANTIC-MATCH,gameplay/ending_seq
,void EndingSeq_Skip,gameplay,,SEMANTIC-MATCH,gameplay/ending_seq
,u32 EndingSeq_GetState,gameplay,,SEMANTIC-MATCH,gameplay/ending_seq
,u32 EndingSeq_GetTimer,gameplay,,SEMANTIC-MATCH,gameplay/ending_seq
,void EndingSeq_Reset,gameplay,,SEMANTIC-MATCH,gameplay/ending_seq
,void EnemyActor_Init,gameplay,,SEMANTIC-MATCH,gameplay/enemy_actor
,s32 EnemyActor_Add,gameplay,,SEMANTIC-MATCH,gameplay/enemy_actor
,void EnemyActor_Update,gameplay,,SEMANTIC-MATCH,gameplay/enemy_actor
,void EnemyActor_Kill,gameplay,,SEMANTIC-MATCH,gameplay/enemy_actor
,void EnemyActor_Remove,gameplay,,SEMANTIC-MATCH,gameplay/enemy_actor
,u32 EnemyActor_GetCount,gameplay,,SEMANTIC-MATCH,gameplay/enemy_actor
,void EnemyActor_Clear,gameplay,,SEMANTIC-MATCH,gameplay/enemy_actor
,void EnemyActor_Reset,gameplay,,SEMANTIC-MATCH,gameplay/enemy_actor
,void Enemy_Patrol,gameplay,,SEMANTIC-MATCH,gameplay/enemy_ai
,void Enemy_ChasePlayer,gameplay,,SEMANTIC-MATCH,gameplay/enemy_ai
,void Enemy_PatrolInit,gameplay,,SEMANTIC-MATCH,gameplay/enemy_ai
,void Enemy_ChaseInit,gameplay,,SEMANTIC-MATCH,gameplay/enemy_ai
,s32 Enemy_CanSeePlayer,gameplay,,SEMANTIC-MATCH,gameplay/enemy_ai
,void Enemy_FacePlayer,gameplay,,SEMANTIC-MATCH,gameplay/enemy_ai
,void Enemy_Attack,gameplay,,SEMANTIC-MATCH,gameplay/enemy_attack
,void Enemy_CheckAttackHit,gameplay,,SEMANTIC-MATCH,gameplay/enemy_attack
,void Enemy_Hurt,gameplay,,SEMANTIC-MATCH,gameplay/enemy_attack
,void Enemy_HurtFlash,gameplay,,SEMANTIC-MATCH,gameplay/enemy_attack
,void Enemy_Knockback,gameplay,,SEMANTIC-MATCH,gameplay/enemy_attack
,void Enemy_StartAttack,gameplay,,SEMANTIC-MATCH,gameplay/enemy_attack
,void Enemy_Update,gameplay,,SEMANTIC-MATCH,gameplay/enemy
,void Enemy_Destroy,gameplay,,SEMANTIC-MATCH,gameplay/enemy
,void Enemy_AddToList,gameplay,,SEMANTIC-MATCH,gameplay/enemy
,void Enemy_RemoveFromList,gameplay,,SEMANTIC-MATCH,gameplay/enemy
,void Enemy_Init,gameplay,,SEMANTIC-MATCH,gameplay/enemy_core
,s32 Enemy_Spawn,gameplay,,SEMANTIC-MATCH,gameplay/enemy_core
,u32 Enemy_GetHP,gameplay,,SEMANTIC-MATCH,gameplay/enemy_core
,void Enemy_UpdateBehavior,gameplay,,SEMANTIC-MATCH,gameplay/enemy_core
,void Enemy_Kill,gameplay,,SEMANTIC-MATCH,gameplay/enemy_core
,u32 Enemy_GetCount,gameplay,,SEMANTIC-MATCH,gameplay/enemy_core
,void Enemy_Remove,gameplay,,SEMANTIC-MATCH,gameplay/enemy_core
,void Enemy_Clear,gameplay,,SEMANTIC-MATCH,gameplay/enemy_core
,void Enemy_Reset,gameplay,,SEMANTIC-MATCH,gameplay/enemy_core
,void Enemy_Die,gameplay,,SEMANTIC-MATCH,gameplay/enemy_death
,void Enemy_DropItems,gameplay,,SEMANTIC-MATCH,gameplay/enemy_death
,void Enemy_DeathAnim,gameplay,,SEMANTIC-MATCH,gameplay/enemy_death
,void Enemy_DropRings,gameplay,,SEMANTIC-MATCH,gameplay/enemy_death
,void Enemy_DropEmerald,gameplay,,SEMANTIC-MATCH,gameplay/enemy_death
,void EnemyDeath_Init,gameplay,,SEMANTIC-MATCH,gameplay/enemy_death_fx
,s32 EnemyDeath_Spawn,gameplay,,SEMANTIC-MATCH,gameplay/enemy_death_fx
,void EnemyDeath_Update,gameplay,,SEMANTIC-MATCH,gameplay/enemy_death_fx
,void EnemyDeath_Draw,gameplay,,SEMANTIC-MATCH,gameplay/enemy_death_fx
,void EnemyDeath_Remove,gameplay,,SEMANTIC-MATCH,gameplay/enemy_death_fx
,u32 EnemyDeath_GetCount,gameplay,,SEMANTIC-MATCH,gameplay/enemy_death_fx
,s32 EnemyDeath_IsActive,gameplay,,SEMANTIC-MATCH,gameplay/enemy_death_fx
,u32 EnemyDeath_GetType,gameplay,,SEMANTIC-MATCH,gameplay/enemy_death_fx
,void EnemyDeath_Clear,gameplay,,SEMANTIC-MATCH,gameplay/enemy_death_fx
,void FlyingEnemy_Init,gameplay,,SEMANTIC-MATCH,gameplay/enemy_flying
,void FlyingEnemy_Update,gameplay,,SEMANTIC-MATCH,gameplay/enemy_flying
,void FlyingEnemy_Circle,gameplay,,SEMANTIC-MATCH,gameplay/enemy_flying
,void FlyingEnemy_Figure8,gameplay,,SEMANTIC-MATCH,gameplay/enemy_flying
,void FlyingEnemy_SineWave,gameplay,,SEMANTIC-MATCH,gameplay/enemy_flying
,void FlyingEnemy_Hover,gameplay,,SEMANTIC-MATCH,gameplay/enemy_flying
,void FlyingEnemy_Chase,gameplay,,SEMANTIC-MATCH,gameplay/enemy_flying
,void FlyingEnemy_ReturnToOrigin,gameplay,,SEMANTIC-MATCH,gameplay/enemy_flying
,s32 FlyingEnemy_IsOffScreen,gameplay,,SEMANTIC-MATCH,gameplay/enemy_flying
,void EnemyGroup_Init,gameplay,,SEMANTIC-MATCH,gameplay/enemy_group
,s32 EnemyGroup_Add,gameplay,,SEMANTIC-MATCH,gameplay/enemy_group
,void EnemyGroup_Update,gameplay,,SEMANTIC-MATCH,gameplay/enemy_group
,void EnemyGroup_Remove,gameplay,,SEMANTIC-MATCH,gameplay/enemy_group
,u32 EnemyGroup_GetCount,gameplay,,SEMANTIC-MATCH,gameplay/enemy_group
,void EnemyGroup_Clear,gameplay,,SEMANTIC-MATCH,gameplay/enemy_group
,void EnemyGroup_Reset,gameplay,,SEMANTIC-MATCH,gameplay/enemy_group
,s32 Enemy_GetDistanceToPlayer,gameplay,,SEMANTIC-MATCH,gameplay/enemy_helpers
,u32 Enemy_GetDirectionToPlayer,gameplay,,SEMANTIC-MATCH,gameplay/enemy_helpers
,s32 Enemy_IsPlayerAbove,gameplay,,SEMANTIC-MATCH,gameplay/enemy_helpers
,s32 Enemy_IsPlayerFacing,gameplay,,SEMANTIC-MATCH,gameplay/enemy_helpers
,s32 Enemy_IsPlayerMoving,gameplay,,SEMANTIC-MATCH,gameplay/enemy_helpers
,s32 Enemy_ShouldChase,gameplay,,SEMANTIC-MATCH,gameplay/enemy_helpers
,void EnemyPattern_Init,gameplay,,SEMANTIC-MATCH,gameplay/enemy_pattern
,s32 EnemyPattern_Add,gameplay,,SEMANTIC-MATCH,gameplay/enemy_pattern
,void EnemyPattern_Update,gameplay,,SEMANTIC-MATCH,gameplay/enemy_pattern
,void EnemyPattern_Remove,gameplay,,SEMANTIC-MATCH,gameplay/enemy_pattern
,u32 EnemyPattern_GetCount,gameplay,,SEMANTIC-MATCH,gameplay/enemy_pattern
,void EnemyPattern_Clear,gameplay,,SEMANTIC-MATCH,gameplay/enemy_pattern
,void EnemyPattern_Reset,gameplay,,SEMANTIC-MATCH,gameplay/enemy_pattern
,void EnemyProj_Init,gameplay,,SEMANTIC-MATCH,gameplay/enemy_proj
,s32 EnemyProj_Add,gameplay,,SEMANTIC-MATCH,gameplay/enemy_proj
,void EnemyProj_Update,gameplay,,SEMANTIC-MATCH,gameplay/enemy_proj
,void EnemyProj_Remove,gameplay,,SEMANTIC-MATCH,gameplay/enemy_proj
,u32 EnemyProj_GetCount,gameplay,,SEMANTIC-MATCH,gameplay/enemy_proj
,void EnemyProj_Clear,gameplay,,SEMANTIC-MATCH,gameplay/enemy_proj
,void EnemyProj_Reset,gameplay,,SEMANTIC-MATCH,gameplay/enemy_proj
,void EnemyShoot_Init,gameplay,,SEMANTIC-MATCH,gameplay/enemy_shoot
,s32 EnemyShoot_Add,gameplay,,SEMANTIC-MATCH,gameplay/enemy_shoot
,void EnemyShoot_Update,gameplay,,SEMANTIC-MATCH,gameplay/enemy_shoot
,void EnemyShoot_Remove,gameplay,,SEMANTIC-MATCH,gameplay/enemy_shoot
,u32 EnemyShoot_GetCount,gameplay,,SEMANTIC-MATCH,gameplay/enemy_shoot
,void EnemyShoot_Clear,gameplay,,SEMANTIC-MATCH,gameplay/enemy_shoot
,void EnemyShoot_Reset,gameplay,,SEMANTIC-MATCH,gameplay/enemy_shoot
,void ShootingEnemy_Init,gameplay,,SEMANTIC-MATCH,gameplay/enemy_shooting
,void ShootingEnemy_Update,gameplay,,SEMANTIC-MATCH,gameplay/enemy_shooting
,s32 ShootingEnemy_CanShoot,gameplay,,SEMANTIC-MATCH,gameplay/enemy_shooting
,void ShootingEnemy_Shoot,gameplay,,SEMANTIC-MATCH,gameplay/enemy_shooting
,void ShootingEnemy_SpawnProjectile,gameplay,,SEMANTIC-MATCH,gameplay/enemy_shooting
,void Projectile_Update,gameplay,,SEMANTIC-MATCH,gameplay/enemy_shooting
,void Projectile_Destroy,gameplay,,SEMANTIC-MATCH,gameplay/enemy_shooting
,void EnemySpawn_Init,gameplay,,SEMANTIC-MATCH,gameplay/enemy_spawn
,s32 EnemySpawn_Add,gameplay,,SEMANTIC-MATCH,gameplay/enemy_spawn
,void EnemySpawn_Update,gameplay,,SEMANTIC-MATCH,gameplay/enemy_spawn
,void EnemySpawn_Remove,gameplay,,SEMANTIC-MATCH,gameplay/enemy_spawn
,u32 EnemySpawn_GetType,gameplay,,SEMANTIC-MATCH,gameplay/enemy_spawn
,s32 EnemySpawn_IsSpawned,gameplay,,SEMANTIC-MATCH,gameplay/enemy_spawn
,u32 EnemySpawn_GetCount,gameplay,,SEMANTIC-MATCH,gameplay/enemy_spawn
,void EnemySpawn_Clear,gameplay,,SEMANTIC-MATCH,gameplay/enemy_spawn
,void EnemySpawn_Reset,gameplay,,SEMANTIC-MATCH,gameplay/enemy_spawn
,u32 EnemyType_GetStats,gameplay,,SEMANTIC-MATCH,gameplay/enemy_types
,void EnemySpawn_FromTable,gameplay,,SEMANTIC-MATCH,gameplay/enemy_types
,void EnemySpawn_CheckRange,gameplay,,SEMANTIC-MATCH,gameplay/enemy_types
,void EnemyMove_Apply,gameplay,,SEMANTIC-MATCH,gameplay/enemy_types
,void EnemyMove_Stop,gameplay,,SEMANTIC-MATCH,gameplay/enemy_types
,void EnemyMove_Knockback,gameplay,,SEMANTIC-MATCH,gameplay/enemy_types
,void EnemyBehavior_Init,gameplay,,SEMANTIC-MATCH,gameplay/enemy_types
,void EnemyBehavior_Update,gameplay,,SEMANTIC-MATCH,gameplay/enemy_types
,u32 EnemyBehavior_GetState,gameplay,,SEMANTIC-MATCH,gameplay/enemy_types
,void EnemyBehavior_SetState,gameplay,,SEMANTIC-MATCH,gameplay/enemy_types
,void EventFlag_Init,gameplay,,SEMANTIC-MATCH,gameplay/event_flag
,void EventFlag_Set,gameplay,,SEMANTIC-MATCH,gameplay/event_flag
,void EventFlag_Clear,gameplay,,SEMANTIC-MATCH,gameplay/event_flag
,s32 EventFlag_Get,gameplay,,SEMANTIC-MATCH,gameplay/event_flag
,s32 EventFlag_Check,gameplay,,SEMANTIC-MATCH,gameplay/event_flag
,void EventFlag_SetAll,gameplay,,SEMANTIC-MATCH,gameplay/event_flag
,void EventFlag_ClearAll,gameplay,,SEMANTIC-MATCH,gameplay/event_flag
,u32 EventFlag_GetCount,gameplay,,SEMANTIC-MATCH,gameplay/event_flag
,void EventFlag_Reset,gameplay,,SEMANTIC-MATCH,gameplay/event_flag
,void EventHelper_Init,gameplay,,SEMANTIC-MATCH,gameplay/event_helper
,void EventHelper_Trigger,gameplay,,SEMANTIC-MATCH,gameplay/event_helper
,void EventHelper_Update,gameplay,,SEMANTIC-MATCH,gameplay/event_helper
,void EventHelper_Fire,gameplay,,SEMANTIC-MATCH,gameplay/event_helper
,void EventHelper_Clear,gameplay,,SEMANTIC-MATCH,gameplay/event_helper
,u32 EventHelper_GetCount,gameplay,,SEMANTIC-MATCH,gameplay/event_helper
,s32 EventHelper_IsActive,gameplay,,SEMANTIC-MATCH,gameplay/event_helper
,void EventHelper_SetActive,gameplay,,SEMANTIC-MATCH,gameplay/event_helper
,s32 EventHelper_Wait,gameplay,,SEMANTIC-MATCH,gameplay/event_helper
,s32 EventHelper_WaitForTime,gameplay,,SEMANTIC-MATCH,gameplay/event_helper
,void EventHelper_Reset,gameplay,,SEMANTIC-MATCH,gameplay/event_helper
,void EventSys_Init,gameplay,,SEMANTIC-MATCH,gameplay/event_sys
,void EventSys_Trigger,gameplay,,SEMANTIC-MATCH,gameplay/event_sys
,void EventSys_Update,gameplay,,SEMANTIC-MATCH,gameplay/event_sys
,void EventSys_Clear,gameplay,,SEMANTIC-MATCH,gameplay/event_sys
,void EventSys_Reset,gameplay,,SEMANTIC-MATCH,gameplay/event_sys
,void EventTrigger_Init,gameplay,,SEMANTIC-MATCH,gameplay/event_trigger
,s32 EventTrigger_Add,gameplay,,SEMANTIC-MATCH,gameplay/event_trigger
,void EventTrigger_Update,gameplay,,SEMANTIC-MATCH,gameplay/event_trigger
,void EventTrigger_Remove,gameplay,,SEMANTIC-MATCH,gameplay/event_trigger
,u32 EventTrigger_GetCount,gameplay,,SEMANTIC-MATCH,gameplay/event_trigger
,void EventTrigger_Clear,gameplay,,SEMANTIC-MATCH,gameplay/event_trigger
,void EventTrigger_Reset,gameplay,,SEMANTIC-MATCH,gameplay/event_trigger
,void ExitTrigger_Init,gameplay,,SEMANTIC-MATCH,gameplay/exit_trigger
,s32 ExitTrigger_Add,gameplay,,SEMANTIC-MATCH,gameplay/exit_trigger
,void ExitTrigger_Update,gameplay,,SEMANTIC-MATCH,gameplay/exit_trigger
,void ExitTrigger_Remove,gameplay,,SEMANTIC-MATCH,gameplay/exit_trigger
,u32 ExitTrigger_GetCount,gameplay,,SEMANTIC-MATCH,gameplay/exit_trigger
,void ExitTrigger_Clear,gameplay,,SEMANTIC-MATCH,gameplay/exit_trigger
,void ExitTrigger_Reset,gameplay,,SEMANTIC-MATCH,gameplay/exit_trigger
,void Explosion_Init,gameplay,,SEMANTIC-MATCH,gameplay/explosion
,s32 Explosion_Spawn,gameplay,,SEMANTIC-MATCH,gameplay/explosion
,void Explosion_Update,gameplay,,SEMANTIC-MATCH,gameplay/explosion
,void Explosion_Draw,gameplay,,SEMANTIC-MATCH,gameplay/explosion
,void Explosion_Remove,gameplay,,SEMANTIC-MATCH,gameplay/explosion
,u32 Explosion_GetCount,gameplay,,SEMANTIC-MATCH,gameplay/explosion
,s32 Explosion_IsActive,gameplay,,SEMANTIC-MATCH,gameplay/explosion
,u32 Explosion_GetSize,gameplay,,SEMANTIC-MATCH,gameplay/explosion
,u32 Explosion_GetFrame,gameplay,,SEMANTIC-MATCH,gameplay/explosion
,void Explosion_Clear,gameplay,,SEMANTIC-MATCH,gameplay/explosion
,void ExplosionFX_Init,gameplay,,SEMANTIC-MATCH,gameplay/explosion_fx
,s32 ExplosionFX_Spawn,gameplay,,SEMANTIC-MATCH,gameplay/explosion_fx
,void ExplosionFX_Update,gameplay,,SEMANTIC-MATCH,gameplay/explosion_fx
,void ExplosionFX_Draw,gameplay,,SEMANTIC-MATCH,gameplay/explosion_fx
,void ExplosionFX_Remove,gameplay,,SEMANTIC-MATCH,gameplay/explosion_fx
,u32 ExplosionFX_GetCount,gameplay,,SEMANTIC-MATCH,gameplay/explosion_fx
,void ExplosionFX_Clear,gameplay,,SEMANTIC-MATCH,gameplay/explosion_fx
,void ExplosionFX_Reset,gameplay,,SEMANTIC-MATCH,gameplay/explosion_fx
,void Fade_Init,gameplay,,SEMANTIC-MATCH,gameplay/fade
,void Fade_StartOut,gameplay,,SEMANTIC-MATCH,gameplay/fade
,void Fade_StartIn,gameplay,,SEMANTIC-MATCH,gameplay/fade
,s32 Fade_Update,gameplay,,SEMANTIC-MATCH,gameplay/fade
,u32 Fade_GetState,gameplay,,SEMANTIC-MATCH,gameplay/fade
,s32 Fade_GetAlpha,gameplay,,SEMANTIC-MATCH,gameplay/fade
,void Fade_Reset,gameplay,,SEMANTIC-MATCH,gameplay/fade
,void FadeEffect_Init,gameplay,,SEMANTIC-MATCH,gameplay/fade_effect
,void FadeEffect_FadeIn,gameplay,,SEMANTIC-MATCH,gameplay/fade_effect
,void FadeEffect_FadeOut,gameplay,,SEMANTIC-MATCH,gameplay/fade_effect
,void FadeEffect_Update,gameplay,,SEMANTIC-MATCH,gameplay/fade_effect
,void FadeEffect_Stop,gameplay,,SEMANTIC-MATCH,gameplay/fade_effect
,s32 FadeEffect_IsActive,gameplay,,SEMANTIC-MATCH,gameplay/fade_effect
,s32 FadeEffect_GetAlpha,gameplay,,SEMANTIC-MATCH,gameplay/fade_effect
,s32 FadeEffect_IsComplete,gameplay,,SEMANTIC-MATCH,gameplay/fade_effect
,void FadeEffect_SetAlpha,gameplay,,SEMANTIC-MATCH,gameplay/fade_effect
,void FadeEffect_Reset,gameplay,,SEMANTIC-MATCH,gameplay/fade_effect
,void FadeToBlack_Init,gameplay,,SEMANTIC-MATCH,gameplay/fade_to_black
,void FadeToBlack_Start,gameplay,,SEMANTIC-MATCH,gameplay/fade_to_black
,s32 FadeToBlack_Update,gameplay,,SEMANTIC-MATCH,gameplay/fade_to_black
,u32 FadeToBlack_GetState,gameplay,,SEMANTIC-MATCH,gameplay/fade_to_black
,void FadeToBlack_Reset,gameplay,,SEMANTIC-MATCH,gameplay/fade_to_black
,void FallPlat_Init,gameplay,,SEMANTIC-MATCH,gameplay/fall_plat
,s32 FallPlat_Add,gameplay,,SEMANTIC-MATCH,gameplay/fall_plat
,void FallPlat_Update,gameplay,,SEMANTIC-MATCH,gameplay/fall_plat
,void FallPlat_Remove,gameplay,,SEMANTIC-MATCH,gameplay/fall_plat
,u32 FallPlat_GetCount,gameplay,,SEMANTIC-MATCH,gameplay/fall_plat
,void FallPlat_Clear,gameplay,,SEMANTIC-MATCH,gameplay/fall_plat
,void FallPlat_Reset,gameplay,,SEMANTIC-MATCH,gameplay/fall_plat
,void Fan_Update,gameplay,,SEMANTIC-MATCH,gameplay/fan_wind
,s32 Fan_CheckPlayerInWind,gameplay,,SEMANTIC-MATCH,gameplay/fan_wind
,void Fan_ApplyWind,gameplay,,SEMANTIC-MATCH,gameplay/fan_wind
,void Fan_Init,gameplay,,SEMANTIC-MATCH,gameplay/fan_wind
,void FgAnim_Init,gameplay,,SEMANTIC-MATCH,gameplay/fg_anim
,s32 FgAnim_Add,gameplay,,SEMANTIC-MATCH,gameplay/fg_anim
,void FgAnim_Update,gameplay,,SEMANTIC-MATCH,gameplay/fg_anim
,void FgAnim_Remove,gameplay,,SEMANTIC-MATCH,gameplay/fg_anim
,u32 FgAnim_GetFrame,gameplay,,SEMANTIC-MATCH,gameplay/fg_anim
,u32 FgAnim_GetCount,gameplay,,SEMANTIC-MATCH,gameplay/fg_anim
,s32 FgAnim_IsActive,gameplay,,SEMANTIC-MATCH,gameplay/fg_anim
,void FgAnim_Clear,gameplay,,SEMANTIC-MATCH,gameplay/fg_anim
,void FgAnim_Reset,gameplay,,SEMANTIC-MATCH,gameplay/fg_anim
,void FgDeco_Init,gameplay,,SEMANTIC-MATCH,gameplay/fg_deco
,s32 FgDeco_Add,gameplay,,SEMANTIC-MATCH,gameplay/fg_deco
,void FgDeco_Remove,gameplay,,SEMANTIC-MATCH,gameplay/fg_deco
,void FgDeco_Draw,gameplay,,SEMANTIC-MATCH,gameplay/fg_deco
,u32 FgDeco_GetCount,gameplay,,SEMANTIC-MATCH,gameplay/fg_deco
,s32 FgDeco_IsActive,gameplay,,SEMANTIC-MATCH,gameplay/fg_deco
,void FgDeco_Clear,gameplay,,SEMANTIC-MATCH,gameplay/fg_deco
,void FgDeco_Reset,gameplay,,SEMANTIC-MATCH,gameplay/fg_deco
,void FgScroll_Init,gameplay,,SEMANTIC-MATCH,gameplay/fg_scroll
,s32 FgScroll_Add,gameplay,,SEMANTIC-MATCH,gameplay/fg_scroll
,void FgScroll_Remove,gameplay,,SEMANTIC-MATCH,gameplay/fg_scroll
,void FgScroll_Update,gameplay,,SEMANTIC-MATCH,gameplay/fg_scroll
,void FgScroll_Draw,gameplay,,SEMANTIC-MATCH,gameplay/fg_scroll
,void FgScroll_GetOffset,gameplay,,SEMANTIC-MATCH,gameplay/fg_scroll
,void FgScroll_SetSpeed,gameplay,,SEMANTIC-MATCH,gameplay/fg_scroll
,s32 FgScroll_IsActive,gameplay,,SEMANTIC-MATCH,gameplay/fg_scroll
,u32 FgScroll_GetCount,gameplay,,SEMANTIC-MATCH,gameplay/fg_scroll
,void FgScroll_Clear,gameplay,,SEMANTIC-MATCH,gameplay/fg_scroll
,void FgScroll_Reset,gameplay,,SEMANTIC-MATCH,gameplay/fg_scroll
,void FlameThrower_Init,gameplay,,SEMANTIC-MATCH,gameplay/flame_thrower
,s32 FlameThrower_Add,gameplay,,SEMANTIC-MATCH,gameplay/flame_thrower
,void FlameThrower_Update,gameplay,,SEMANTIC-MATCH,gameplay/flame_thrower
,void FlameThrower_Remove,gameplay,,SEMANTIC-MATCH,gameplay/flame_thrower
,u32 FlameThrower_GetCount,gameplay,,SEMANTIC-MATCH,gameplay/flame_thrower
,void FlameThrower_Clear,gameplay,,SEMANTIC-MATCH,gameplay/flame_thrower
,void FlameThrower_Reset,gameplay,,SEMANTIC-MATCH,gameplay/flame_thrower
,void Fog_Init,gameplay,,SEMANTIC-MATCH,gameplay/fog
,void Fog_Start,gameplay,,SEMANTIC-MATCH,gameplay/fog
,void Fog_Stop,gameplay,,SEMANTIC-MATCH,gameplay/fog
,void Fog_Update,gameplay,,SEMANTIC-MATCH,gameplay/fog
,s32 Fog_IsActive,gameplay,,SEMANTIC-MATCH,gameplay/fog
,void Fog_Reset,gameplay,,SEMANTIC-MATCH,gameplay/fog
,void GameAct_Init,gameplay,,SEMANTIC-MATCH,gameplay/game_act
,void GameAct_Complete,gameplay,,SEMANTIC-MATCH,gameplay/game_act
,u32 GameAct_CalculateRank,gameplay,,SEMANTIC-MATCH,gameplay/game_act
,u32 GameAct_GetRank,gameplay,,SEMANTIC-MATCH,gameplay/game_act
,s32 GameAct_IsComplete,gameplay,,SEMANTIC-MATCH,gameplay/game_act
,u32 GameAct_GetScore,gameplay,,SEMANTIC-MATCH,gameplay/game_act
,u32 GameAct_GetTime,gameplay,,SEMANTIC-MATCH,gameplay/game_act
,void GameAct_SaveResults,gameplay,,SEMANTIC-MATCH,gameplay/game_act
,void GameAct_Next,gameplay,,SEMANTIC-MATCH,gameplay/game_act
,void Buffer_Init,gameplay,,SEMANTIC-MATCH,gameplay/game_buffer
,s32 Buffer_Create,gameplay,,SEMANTIC-MATCH,gameplay/game_buffer
,void Buffer_Destroy,gameplay,,SEMANTIC-MATCH,gameplay/game_buffer
,u32 Buffer_Write,gameplay,,SEMANTIC-MATCH,gameplay/game_buffer
,u32 Buffer_Read,gameplay,,SEMANTIC-MATCH,gameplay/game_buffer
,void Buffer_Clear,gameplay,,SEMANTIC-MATCH,gameplay/game_buffer
,u32 Buffer_GetAvailable,gameplay,,SEMANTIC-MATCH,gameplay/game_buffer
,void GameCombo_Init,gameplay,,SEMANTIC-MATCH,gameplay/game_combo
,void GameCombo_Add,gameplay,,SEMANTIC-MATCH,gameplay/game_combo
,void GameCombo_Update,gameplay,,SEMANTIC-MATCH,gameplay/game_combo
,void GameCombo_Reset,gameplay,,SEMANTIC-MATCH,gameplay/game_combo
,void GameCombo_UpdateMultiplier,gameplay,,SEMANTIC-MATCH,gameplay/game_combo
,u32 GameCombo_GetCount,gameplay,,SEMANTIC-MATCH,gameplay/game_combo
,u32 GameCombo_GetMultiplier,gameplay,,SEMANTIC-MATCH,gameplay/game_combo
,u32 GameCombo_GetMax,gameplay,,SEMANTIC-MATCH,gameplay/game_combo
,u32 GameCombo_GetTimer,gameplay,,SEMANTIC-MATCH,gameplay/game_combo
,s32 GameCombo_IsActive,gameplay,,SEMANTIC-MATCH,gameplay/game_combo
,void Cutscene_Start,gameplay,,SEMANTIC-MATCH,gameplay/game_cutscene
,void Cutscene_ShowDialog,gameplay,,SEMANTIC-MATCH,gameplay/game_cutscene
,s32 Cutscene_IsComplete,gameplay,,SEMANTIC-MATCH,gameplay/game_cutscene
,u32 Cutscene_GetState,gameplay,,SEMANTIC-MATCH,gameplay/game_cutscene
,u32 Cutscene_GetTimer,gameplay,,SEMANTIC-MATCH,gameplay/game_cutscene
,u32 Cutscene_GetPC,gameplay,,SEMANTIC-MATCH,gameplay/game_cutscene
,void Cutscene_Skip,gameplay,,SEMANTIC-MATCH,gameplay/game_cutscene
,void Cutscene_Stop,gameplay,,SEMANTIC-MATCH,gameplay/game_cutscene
,void Cutscene_Reset,gameplay,,SEMANTIC-MATCH,gameplay/game_cutscene
,void Dialog_Init,gameplay,,SEMANTIC-MATCH,gameplay/game_dialog
,void Dialog_Start,gameplay,,SEMANTIC-MATCH,gameplay/game_dialog
,s32 Dialog_Update,gameplay,,SEMANTIC-MATCH,gameplay/game_dialog
,void Dialog_Draw,gameplay,,SEMANTIC-MATCH,gameplay/game_dialog
,s32 Dialog_IsComplete,gameplay,,SEMANTIC-MATCH,gameplay/game_dialog
,u32 Dialog_GetCharIndex,gameplay,,SEMANTIC-MATCH,gameplay/game_dialog
,u32 Dialog_GetState,gameplay,,SEMANTIC-MATCH,gameplay/game_dialog
,void Dialog_Stop,gameplay,,SEMANTIC-MATCH,gameplay/game_dialog
,void Dialog_Reset,gameplay,,SEMANTIC-MATCH,gameplay/game_dialog
,void Ending_Init,gameplay,,SEMANTIC-MATCH,gameplay/game_ending
,void Ending_Start,gameplay,,SEMANTIC-MATCH,gameplay/game_ending
,s32 Ending_Update,gameplay,,SEMANTIC-MATCH,gameplay/game_ending
,void Ending_Draw,gameplay,,SEMANTIC-MATCH,gameplay/game_ending
,s32 Ending_IsComplete,gameplay,,SEMANTIC-MATCH,gameplay/game_ending
,u32 Ending_GetState,gameplay,,SEMANTIC-MATCH,gameplay/game_ending
,u32 Ending_GetStep,gameplay,,SEMANTIC-MATCH,gameplay/game_ending
,u32 Ending_GetTimer,gameplay,,SEMANTIC-MATCH,gameplay/game_ending
,void Ending_Skip,gameplay,,SEMANTIC-MATCH,gameplay/game_ending
,void Ending_Reset,gameplay,,SEMANTIC-MATCH,gameplay/game_ending
,void HUD_Init,gameplay,,SEMANTIC-MATCH,gameplay/game_hud
,void HUD_Update,gameplay,,SEMANTIC-MATCH,gameplay/game_hud
,void HUD_DrawAll,gameplay,,SEMANTIC-MATCH,gameplay/game_hud
,void HUD_DrawScore,gameplay,,SEMANTIC-MATCH,gameplay/game_hud
,void HUD_DrawRings,gameplay,,SEMANTIC-MATCH,gameplay/game_hud
,void HUD_DrawLives,gameplay,,SEMANTIC-MATCH,gameplay/game_hud
,void HUD_DrawTime,gameplay,,SEMANTIC-MATCH,gameplay/game_hud
,void HUD_Print,gameplay,,SEMANTIC-MATCH,gameplay/game_hud
,void HUD_SetActive,gameplay,,SEMANTIC-MATCH,gameplay/game_hud
,s32 HUD_IsActive,gameplay,,SEMANTIC-MATCH,gameplay/game_hud
,u32 HUD_GetScore,gameplay,,SEMANTIC-MATCH,gameplay/game_hud
,u32 HUD_GetRings,gameplay,,SEMANTIC-MATCH,gameplay/game_hud
,u32 HUD_GetLives,gameplay,,SEMANTIC-MATCH,gameplay/game_hud
,u32 HUD_GetTime,gameplay,,SEMANTIC-MATCH,gameplay/game_hud
,void HUD_Hide,gameplay,,SEMANTIC-MATCH,gameplay/game_hud
,void HUD_Show,gameplay,,SEMANTIC-MATCH,gameplay/game_hud
,void HUD_Reset,gameplay,,SEMANTIC-MATCH,gameplay/game_hud
,void Intro_Init,gameplay,,SEMANTIC-MATCH,gameplay/game_intro
,void Intro_Start,gameplay,,SEMANTIC-MATCH,gameplay/game_intro
,s32 Intro_Update,gameplay,,SEMANTIC-MATCH,gameplay/game_intro
,void Intro_Draw,gameplay,,SEMANTIC-MATCH,gameplay/game_intro
,s32 Intro_IsComplete,gameplay,,SEMANTIC-MATCH,gameplay/game_intro
,u32 Intro_GetState,gameplay,,SEMANTIC-MATCH,gameplay/game_intro
,u32 Intro_GetStep,gameplay,,SEMANTIC-MATCH,gameplay/game_intro
,u32 Intro_GetTimer,gameplay,,SEMANTIC-MATCH,gameplay/game_intro
,void Intro_Skip,gameplay,,SEMANTIC-MATCH,gameplay/game_intro
,void Intro_Reset,gameplay,,SEMANTIC-MATCH,gameplay/game_intro
,void GameItem_Init,gameplay,,SEMANTIC-MATCH,gameplay/game_item
,s32 GameItem_Add,gameplay,,SEMANTIC-MATCH,gameplay/game_item
,void GameItem_Remove,gameplay,,SEMANTIC-MATCH,gameplay/game_item
,s32 GameItem_Has,gameplay,,SEMANTIC-MATCH,gameplay/game_item
,u32 GameItem_Get,gameplay,,SEMANTIC-MATCH,gameplay/game_item
,u32 GameItem_GetCount,gameplay,,SEMANTIC-MATCH,gameplay/game_item
,void GameItem_Clear,gameplay,,SEMANTIC-MATCH,gameplay/game_item
,s32 GameItem_Use,gameplay,,SEMANTIC-MATCH,gameplay/game_item
,void GameLives_Init,gameplay,,SEMANTIC-MATCH,gameplay/game_lives
,void GameLives_Add,gameplay,,SEMANTIC-MATCH,gameplay/game_lives
,s32 GameLives_Remove,gameplay,,SEMANTIC-MATCH,gameplay/game_lives
,u32 GameLives_Get,gameplay,,SEMANTIC-MATCH,gameplay/game_lives
,void GameLives_Set,gameplay,,SEMANTIC-MATCH,gameplay/game_lives
,u32 GameLives_GetMax,gameplay,,SEMANTIC-MATCH,gameplay/game_lives
,void GameLives_SetMax,gameplay,,SEMANTIC-MATCH,gameplay/game_lives
,s32 GameLives_CheckExtra,gameplay,,SEMANTIC-MATCH,gameplay/game_lives
,void Menu_Init,gameplay,,SEMANTIC-MATCH,gameplay/game_menu
,u32 Menu_AddItem(const char *label, void (*callback),gameplay,,SEMANTIC-MATCH,gameplay/game_menu
,void Menu_RemoveItem,gameplay,,SEMANTIC-MATCH,gameplay/game_menu
,void Menu_Update,gameplay,,SEMANTIC-MATCH,gameplay/game_menu
,void Menu_Select,gameplay,,SEMANTIC-MATCH,gameplay/game_menu
,void Menu_Draw,gameplay,,SEMANTIC-MATCH,gameplay/game_menu
,void Menu_Open,gameplay,,SEMANTIC-MATCH,gameplay/game_menu
,void Menu_Close,gameplay,,SEMANTIC-MATCH,gameplay/game_menu
,s32 Menu_IsActive,gameplay,,SEMANTIC-MATCH,gameplay/game_menu
,u32 Menu_GetIndex,gameplay,,SEMANTIC-MATCH,gameplay/game_menu
,u32 Menu_GetCount,gameplay,,SEMANTIC-MATCH,gameplay/game_menu
,void Menu_Clear,gameplay,,SEMANTIC-MATCH,gameplay/game_menu
,void Menu_Reset,gameplay,,SEMANTIC-MATCH,gameplay/game_menu
,void GameMode_Init,gameplay,,SEMANTIC-MATCH,gameplay/game_mode
,void GameMode_Set,gameplay,,SEMANTIC-MATCH,gameplay/game_mode
,u32 GameMode_Get,gameplay,,SEMANTIC-MATCH,gameplay/game_mode
,void GameMode_SetPlayer,gameplay,,SEMANTIC-MATCH,gameplay/game_mode
,u32 GameMode_GetPlayer,gameplay,,SEMANTIC-MATCH,gameplay/game_mode
,void GameMode_Update,gameplay,,SEMANTIC-MATCH,gameplay/game_mode
,void GameMode_Reset,gameplay,,SEMANTIC-MATCH,gameplay/game_mode
,void GameOver_Init,gameplay,,SEMANTIC-MATCH,gameplay/game_over
,void GameOver_Start,gameplay,,SEMANTIC-MATCH,gameplay/game_over
,s32 GameOver_Update,gameplay,,SEMANTIC-MATCH,gameplay/game_over
,void GameOver_Draw,gameplay,,SEMANTIC-MATCH,gameplay/game_over
,u32 GameOver_GetState,gameplay,,SEMANTIC-MATCH,gameplay/game_over
,u32 GameOver_GetTimer,gameplay,,SEMANTIC-MATCH,gameplay/game_over
,void GameOver_Reset,gameplay,,SEMANTIC-MATCH,gameplay/game_over
,void Pause_Init,gameplay,,SEMANTIC-MATCH,gameplay/game_pause
,void Pause_Update,gameplay,,SEMANTIC-MATCH,gameplay/game_pause
,void Pause_Select,gameplay,,SEMANTIC-MATCH,gameplay/game_pause
,void Pause_Resume,gameplay,,SEMANTIC-MATCH,gameplay/game_pause
,void Pause_Draw,gameplay,,SEMANTIC-MATCH,gameplay/game_pause
,s32 Pause_IsActive,gameplay,,SEMANTIC-MATCH,gameplay/game_pause
,u32 Pause_GetState,gameplay,,SEMANTIC-MATCH,gameplay/game_pause
,u32 Pause_GetMenuIndex,gameplay,,SEMANTIC-MATCH,gameplay/game_pause
,void Pause_Force,gameplay,,SEMANTIC-MATCH,gameplay/game_pause
,void Pause_Reset,gameplay,,SEMANTIC-MATCH,gameplay/game_pause
,void Pool_Init,gameplay,,SEMANTIC-MATCH,gameplay/game_pool
,void Pool_Free,gameplay,,SEMANTIC-MATCH,gameplay/game_pool
,u32 Pool_GetSize,gameplay,,SEMANTIC-MATCH,gameplay/game_pool
,u32 Pool_GetUsed,gameplay,,SEMANTIC-MATCH,gameplay/game_pool
,u32 Pool_GetFree,gameplay,,SEMANTIC-MATCH,gameplay/game_pool
,void Pool_Clear,gameplay,,SEMANTIC-MATCH,gameplay/game_pool
,void Pool_AddBlock,gameplay,,SEMANTIC-MATCH,gameplay/game_pool
,void Popup_Init,gameplay,,SEMANTIC-MATCH,gameplay/game_popup
,s32 Popup_Create,gameplay,,SEMANTIC-MATCH,gameplay/game_popup
,void Popup_Update,gameplay,,SEMANTIC-MATCH,gameplay/game_popup
,void Popup_Draw,gameplay,,SEMANTIC-MATCH,gameplay/game_popup
,void Popup_Remove,gameplay,,SEMANTIC-MATCH,gameplay/game_popup
,u32 Popup_GetCount,gameplay,,SEMANTIC-MATCH,gameplay/game_popup
,s32 Popup_IsActive,gameplay,,SEMANTIC-MATCH,gameplay/game_popup
,u32 Popup_GetValue,gameplay,,SEMANTIC-MATCH,gameplay/game_popup
,void Popup_Clear,gameplay,,SEMANTIC-MATCH,gameplay/game_popup
,void Queue_Init,gameplay,,SEMANTIC-MATCH,gameplay/game_queue
,s32 Queue_Enqueue,gameplay,,SEMANTIC-MATCH,gameplay/game_queue
,u32 Queue_Dequeue,gameplay,,SEMANTIC-MATCH,gameplay/game_queue
,u32 Queue_Peek,gameplay,,SEMANTIC-MATCH,gameplay/game_queue
,s32 Queue_IsEmpty,gameplay,,SEMANTIC-MATCH,gameplay/game_queue
,s32 Queue_IsFull,gameplay,,SEMANTIC-MATCH,gameplay/game_queue
,u32 Queue_GetCount,gameplay,,SEMANTIC-MATCH,gameplay/game_queue
,void Queue_Clear,gameplay,,SEMANTIC-MATCH,gameplay/game_queue
,void Results_Init,gameplay,,SEMANTIC-MATCH,gameplay/game_results
,void Results_Start,gameplay,,SEMANTIC-MATCH,gameplay/game_results
,s32 Results_Update,gameplay,,SEMANTIC-MATCH,gameplay/game_results
,void Results_Draw,gameplay,,SEMANTIC-MATCH,gameplay/game_results
,s32 Results_IsComplete,gameplay,,SEMANTIC-MATCH,gameplay/game_results
,u32 Results_GetRank,gameplay,,SEMANTIC-MATCH,gameplay/game_results
,u32 Results_GetScore,gameplay,,SEMANTIC-MATCH,gameplay/game_results
,u32 Results_GetTime,gameplay,,SEMANTIC-MATCH,gameplay/game_results
,u32 Results_GetRings,gameplay,,SEMANTIC-MATCH,gameplay/game_results
,u32 Results_GetState,gameplay,,SEMANTIC-MATCH,gameplay/game_results
,void Results_Reset,gameplay,,SEMANTIC-MATCH,gameplay/game_results
,void GameRings_Init,gameplay,,SEMANTIC-MATCH,gameplay/game_rings
,void GameRings_Add,gameplay,,SEMANTIC-MATCH,gameplay/game_rings
,void GameRings_Remove,gameplay,,SEMANTIC-MATCH,gameplay/game_rings
,void GameRings_LoseAll,gameplay,,SEMANTIC-MATCH,gameplay/game_rings
,u32 GameRings_Get,gameplay,,SEMANTIC-MATCH,gameplay/game_rings
,void GameRings_Set,gameplay,,SEMANTIC-MATCH,gameplay/game_rings
,void GameRings_UpdateDisplay,gameplay,,SEMANTIC-MATCH,gameplay/game_rings
,u32 GameRings_GetDisplay,gameplay,,SEMANTIC-MATCH,gameplay/game_rings
,void GameScore_Init,gameplay,,SEMANTIC-MATCH,gameplay/game_score
,void GameScore_Add,gameplay,,SEMANTIC-MATCH,gameplay/game_score
,void GameScore_Subtract,gameplay,,SEMANTIC-MATCH,gameplay/game_score
,u32 GameScore_Get,gameplay,,SEMANTIC-MATCH,gameplay/game_score
,u32 GameScore_GetHigh,gameplay,,SEMANTIC-MATCH,gameplay/game_score
,void GameScore_Reset,gameplay,,SEMANTIC-MATCH,gameplay/game_score
,void GameScore_UpdateDisplay,gameplay,,SEMANTIC-MATCH,gameplay/game_score
,u32 GameScore_GetDisplay,gameplay,,SEMANTIC-MATCH,gameplay/game_score
,void Spawn_Init,gameplay,,SEMANTIC-MATCH,gameplay/game_spawn
,s32 Spawn_Queue,gameplay,,SEMANTIC-MATCH,gameplay/game_spawn
,void Spawn_Process,gameplay,,SEMANTIC-MATCH,gameplay/game_spawn
,s32 Spawn_CheckRange,gameplay,,SEMANTIC-MATCH,gameplay/game_spawn
,void Spawn_Execute,gameplay,,SEMANTIC-MATCH,gameplay/game_spawn
,void Spawn_Clear,gameplay,,SEMANTIC-MATCH,gameplay/game_spawn
,u32 Spawn_GetCount,gameplay,,SEMANTIC-MATCH,gameplay/game_spawn
,void Spawn_SetActive,gameplay,,SEMANTIC-MATCH,gameplay/game_spawn
,void GameState_Init,gameplay,,SEMANTIC-MATCH,gameplay/game_state
,void GameState_Set,gameplay,,SEMANTIC-MATCH,gameplay/game_state
,u32 GameState_Get,gameplay,,SEMANTIC-MATCH,gameplay/game_state
,u32 GameState_GetPrev,gameplay,,SEMANTIC-MATCH,gameplay/game_state
,void GameState_Update,gameplay,,SEMANTIC-MATCH,gameplay/game_state
,void GameState_Reset,gameplay,,SEMANTIC-MATCH,gameplay/game_state
,void Text_Init,gameplay,,SEMANTIC-MATCH,gameplay/game_text
,void Text_Print,gameplay,,SEMANTIC-MATCH,gameplay/game_text
,void Text_PrintCentered,gameplay,,SEMANTIC-MATCH,gameplay/game_text
,void Text_PrintNumber,gameplay,,SEMANTIC-MATCH,gameplay/game_text
,void Text_PrintHex,gameplay,,SEMANTIC-MATCH,gameplay/game_text
,void Text_SetFont,gameplay,,SEMANTIC-MATCH,gameplay/game_text
,void Text_SetColor,gameplay,,SEMANTIC-MATCH,gameplay/game_text
,void Text_SetScale,gameplay,,SEMANTIC-MATCH,gameplay/game_text
,u32 Text_GetFont,gameplay,,SEMANTIC-MATCH,gameplay/game_text
,u32 Text_GetColor,gameplay,,SEMANTIC-MATCH,gameplay/game_text
,u32 Text_GetScale,gameplay,,SEMANTIC-MATCH,gameplay/game_text
,u32 Text_GetWidth,gameplay,,SEMANTIC-MATCH,gameplay/game_text
,u32 Text_GetHeight,gameplay,,SEMANTIC-MATCH,gameplay/game_text
,void Text_Clear,gameplay,,SEMANTIC-MATCH,gameplay/game_text
,void Text_Reset,gameplay,,SEMANTIC-MATCH,gameplay/game_text
,void GameTimer_Init,gameplay,,SEMANTIC-MATCH,gameplay/game_timer
,void GameTimer_Update,gameplay,,SEMANTIC-MATCH,gameplay/game_timer
,void GameTimer_Pause,gameplay,,SEMANTIC-MATCH,gameplay/game_timer
,void GameTimer_Resume,gameplay,,SEMANTIC-MATCH,gameplay/game_timer
,u32 GameTimer_Get,gameplay,,SEMANTIC-MATCH,gameplay/game_timer
,u32 GameTimer_GetSeconds,gameplay,,SEMANTIC-MATCH,gameplay/game_timer
,void GameTimer_Reset,gameplay,,SEMANTIC-MATCH,gameplay/game_timer
,void GameZone_Init,gameplay,,SEMANTIC-MATCH,gameplay/game_zone
,void GameZone_Set,gameplay,,SEMANTIC-MATCH,gameplay/game_zone
,void GameZone_Get,gameplay,,SEMANTIC-MATCH,gameplay/game_zone
,void GameZone_LoadData,gameplay,,SEMANTIC-MATCH,gameplay/game_zone
,u32 GameZone_GetFlags,gameplay,,SEMANTIC-MATCH,gameplay/game_zone
,void GameZone_SetFlag,gameplay,,SEMANTIC-MATCH,gameplay/game_zone
,void GameZone_ClearFlag,gameplay,,SEMANTIC-MATCH,gameplay/game_zone
,s32 GameZone_CheckFlag,gameplay,,SEMANTIC-MATCH,gameplay/game_zone
,s32 GeoHelper_GetFloorY,gameplay,,SEMANTIC-MATCH,gameplay/geo_helper
,s32 GeoHelper_GetCeilingY,gameplay,,SEMANTIC-MATCH,gameplay/geo_helper
,s32 GeoHelper_GetWallRight,gameplay,,SEMANTIC-MATCH,gameplay/geo_helper
,s32 GeoHelper_GetWallLeft,gameplay,,SEMANTIC-MATCH,gameplay/geo_helper
,s32 GeoHelper_IsOnGround,gameplay,,SEMANTIC-MATCH,gameplay/geo_helper
,s32 GeoHelper_IsUnderCeiling,gameplay,,SEMANTIC-MATCH,gameplay/geo_helper
,s32 GeoHelper_IsTouchingWallLeft,gameplay,,SEMANTIC-MATCH,gameplay/geo_helper
,s32 GeoHelper_IsTouchingWallRight,gameplay,,SEMANTIC-MATCH,gameplay/geo_helper
,s32 GeoHelper_GetSlopeAngle,gameplay,,SEMANTIC-MATCH,gameplay/geo_helper
,s32 GeoHelper_IsFlat,gameplay,,SEMANTIC-MATCH,gameplay/geo_helper
,void Geyser_Update,gameplay,,SEMANTIC-MATCH,gameplay/geyser_water
,void Geyser_Erupt,gameplay,,SEMANTIC-MATCH,gameplay/geyser_water
,void Geyser_Init,gameplay,,SEMANTIC-MATCH,gameplay/geyser_water
,s32 Water_Check,gameplay,,SEMANTIC-MATCH,gameplay/geyser_water
,void Water_Apply,gameplay,,SEMANTIC-MATCH,gameplay/geyser_water
,void Water_Exit,gameplay,,SEMANTIC-MATCH,gameplay/geyser_water
,void GlassBreak_Init,gameplay,,SEMANTIC-MATCH,gameplay/glass_break
,s32 GlassBreak_Spawn,gameplay,,SEMANTIC-MATCH,gameplay/glass_break
,void GlassBreak_Update,gameplay,,SEMANTIC-MATCH,gameplay/glass_break
,void GlassBreak_Remove,gameplay,,SEMANTIC-MATCH,gameplay/glass_break
,u32 GlassBreak_GetCount,gameplay,,SEMANTIC-MATCH,gameplay/glass_break
,s32 GlassBreak_IsActive,gameplay,,SEMANTIC-MATCH,gameplay/glass_break
,void GlassBreak_Clear,gameplay,,SEMANTIC-MATCH,gameplay/glass_break
,void GlassBreak_Reset,gameplay,,SEMANTIC-MATCH,gameplay/glass_break
,void GoalPlate_Update,gameplay,,SEMANTIC-MATCH,gameplay/goalplate
,s32 GoalPlate_CheckPlayer,gameplay,,SEMANTIC-MATCH,gameplay/goalplate
,void GoalPlate_Activate,gameplay,,SEMANTIC-MATCH,gameplay/goalplate
,void GoalPlate_AnimateRise,gameplay,,SEMANTIC-MATCH,gameplay/goalplate
,void GoalPlate_Init,gameplay,,SEMANTIC-MATCH,gameplay/goalplate
,void GoalPost_Init,gameplay,,SEMANTIC-MATCH,gameplay/goal_post
,s32 GoalPost_Add,gameplay,,SEMANTIC-MATCH,gameplay/goal_post
,void GoalPost_Update,gameplay,,SEMANTIC-MATCH,gameplay/goal_post
,void GoalPost_Remove,gameplay,,SEMANTIC-MATCH,gameplay/goal_post
,u32 GoalPost_GetCount,gameplay,,SEMANTIC-MATCH,gameplay/goal_post
,void GoalPost_Clear,gameplay,,SEMANTIC-MATCH,gameplay/goal_post
,void GoalPost_Reset,gameplay,,SEMANTIC-MATCH,gameplay/goal_post
,void GradeEval_Init,gameplay,,SEMANTIC-MATCH,gameplay/grade_eval
,u32 GradeEval_Calculate,gameplay,,SEMANTIC-MATCH,gameplay/grade_eval
,void GradeEval_Draw,gameplay,,SEMANTIC-MATCH,gameplay/grade_eval
,u32 GradeEval_GetGrade,gameplay,,SEMANTIC-MATCH,gameplay/grade_eval
,void GradeEval_Reset,gameplay,,SEMANTIC-MATCH,gameplay/grade_eval
,void GravityFlipper_Init,gameplay,,SEMANTIC-MATCH,gameplay/gravity
,s32 GravityFlipper_Check,gameplay,,SEMANTIC-MATCH,gameplay/gravity
,void GravityFlipper_Apply,gameplay,,SEMANTIC-MATCH,gameplay/gravity
,s32 GravityFlipper_GetDirection,gameplay,,SEMANTIC-MATCH,gameplay/gravity
,void GravityFlipper_Reset,gameplay,,SEMANTIC-MATCH,gameplay/gravity
,void GravZone_Init,gameplay,,SEMANTIC-MATCH,gameplay/grav_zone
,s32 GravZone_Add,gameplay,,SEMANTIC-MATCH,gameplay/grav_zone
,void GravZone_Update,gameplay,,SEMANTIC-MATCH,gameplay/grav_zone
,void GravZone_Remove,gameplay,,SEMANTIC-MATCH,gameplay/grav_zone
,u32 GravZone_GetCount,gameplay,,SEMANTIC-MATCH,gameplay/grav_zone
,void GravZone_Clear,gameplay,,SEMANTIC-MATCH,gameplay/grav_zone
,void GravZone_Reset,gameplay,,SEMANTIC-MATCH,gameplay/grav_zone
,void GrindActor_Init,gameplay,,SEMANTIC-MATCH,gameplay/grind_actor
,s32 GrindActor_Add,gameplay,,SEMANTIC-MATCH,gameplay/grind_actor
,void GrindActor_Remove,gameplay,,SEMANTIC-MATCH,gameplay/grind_actor
,s32 GrindActor_GetStartX,gameplay,,SEMANTIC-MATCH,gameplay/grind_actor
,s32 GrindActor_GetStartY,gameplay,,SEMANTIC-MATCH,gameplay/grind_actor
,s32 GrindActor_GetEndX,gameplay,,SEMANTIC-MATCH,gameplay/grind_actor
,s32 GrindActor_GetEndY,gameplay,,SEMANTIC-MATCH,gameplay/grind_actor
,s32 GrindActor_GetSpeed,gameplay,,SEMANTIC-MATCH,gameplay/grind_actor
,u32 GrindActor_GetNumPoints,gameplay,,SEMANTIC-MATCH,gameplay/grind_actor
,u32 GrindActor_GetCount,gameplay,,SEMANTIC-MATCH,gameplay/grind_actor
,s32 GrindActor_IsActive,gameplay,,SEMANTIC-MATCH,gameplay/grind_actor
,void GrindActor_Clear,gameplay,,SEMANTIC-MATCH,gameplay/grind_actor
,void GrindActor_Reset,gameplay,,SEMANTIC-MATCH,gameplay/grind_actor
,void GrindInd_Init,gameplay,,SEMANTIC-MATCH,gameplay/grind_ind
,void GrindInd_Start,gameplay,,SEMANTIC-MATCH,gameplay/grind_ind
,void GrindInd_Stop,gameplay,,SEMANTIC-MATCH,gameplay/grind_ind
,void GrindInd_Update,gameplay,,SEMANTIC-MATCH,gameplay/grind_ind
,void GrindInd_Draw,gameplay,,SEMANTIC-MATCH,gameplay/grind_ind
,s32 GrindInd_IsActive,gameplay,,SEMANTIC-MATCH,gameplay/grind_ind
,void GrindInd_Reset,gameplay,,SEMANTIC-MATCH,gameplay/grind_ind
,void GrindIndicator_Init,gameplay,,SEMANTIC-MATCH,gameplay/grind_indicator
,void GrindIndicator_Start,gameplay,,SEMANTIC-MATCH,gameplay/grind_indicator
,void GrindIndicator_Update,gameplay,,SEMANTIC-MATCH,gameplay/grind_indicator
,void GrindIndicator_Draw,gameplay,,SEMANTIC-MATCH,gameplay/grind_indicator
,void GrindIndicator_Stop,gameplay,,SEMANTIC-MATCH,gameplay/grind_indicator
,s32 GrindIndicator_IsActive,gameplay,,SEMANTIC-MATCH,gameplay/grind_indicator
,u32 GrindIndicator_GetType,gameplay,,SEMANTIC-MATCH,gameplay/grind_indicator
,void GrindIndicator_GetPosition,gameplay,,SEMANTIC-MATCH,gameplay/grind_indicator
,void GrindIndicator_Reset,gameplay,,SEMANTIC-MATCH,gameplay/grind_indicator
,void GrindRail_Init,gameplay,,SEMANTIC-MATCH,gameplay/grind_rail
,s32 GrindRail_Add,gameplay,,SEMANTIC-MATCH,gameplay/grind_rail
,void GrindRail_Update,gameplay,,SEMANTIC-MATCH,gameplay/grind_rail
,void GrindRail_Remove,gameplay,,SEMANTIC-MATCH,gameplay/grind_rail
,u32 GrindRail_GetCount,gameplay,,SEMANTIC-MATCH,gameplay/grind_rail
,void GrindRail_Clear,gameplay,,SEMANTIC-MATCH,gameplay/grind_rail
,void GrindRail_Reset,gameplay,,SEMANTIC-MATCH,gameplay/grind_rail
,void GrindSpark_Init,gameplay,,SEMANTIC-MATCH,gameplay/grind_spark
,s32 GrindSpark_Spawn,gameplay,,SEMANTIC-MATCH,gameplay/grind_spark
,void GrindSpark_Update,gameplay,,SEMANTIC-MATCH,gameplay/grind_spark
,void GrindSpark_Draw,gameplay,,SEMANTIC-MATCH,gameplay/grind_spark
,void GrindSpark_Remove,gameplay,,SEMANTIC-MATCH,gameplay/grind_spark
,u32 GrindSpark_GetCount,gameplay,,SEMANTIC-MATCH,gameplay/grind_spark
,s32 GrindSpark_IsActive,gameplay,,SEMANTIC-MATCH,gameplay/grind_spark
,void GrindSpark_SpawnBurst,gameplay,,SEMANTIC-MATCH,gameplay/grind_spark
,void GrindSpark_Clear,gameplay,,SEMANTIC-MATCH,gameplay/grind_spark
,void GroundPound_Init,gameplay,,SEMANTIC-MATCH,gameplay/ground_pound
,void GroundPound_Start,gameplay,,SEMANTIC-MATCH,gameplay/ground_pound
,void GroundPound_Update,gameplay,,SEMANTIC-MATCH,gameplay/ground_pound
,void GroundPound_Draw,gameplay,,SEMANTIC-MATCH,gameplay/ground_pound
,void GroundPound_Stop,gameplay,,SEMANTIC-MATCH,gameplay/ground_pound
,s32 GroundPound_IsActive,gameplay,,SEMANTIC-MATCH,gameplay/ground_pound
,u32 GroundPound_GetTimer,gameplay,,SEMANTIC-MATCH,gameplay/ground_pound
,void GroundPound_GetPosition,gameplay,,SEMANTIC-MATCH,gameplay/ground_pound
,s32 GroundPound_GetRadius,gameplay,,SEMANTIC-MATCH,gameplay/ground_pound
,void GroundPound_Reset,gameplay,,SEMANTIC-MATCH,gameplay/ground_pound
,void Hazard_Init,gameplay,,SEMANTIC-MATCH,gameplay/hazard
,s32 Hazard_Add,gameplay,,SEMANTIC-MATCH,gameplay/hazard
,void Hazard_Update,gameplay,,SEMANTIC-MATCH,gameplay/hazard
,void Hazard_Remove,gameplay,,SEMANTIC-MATCH,gameplay/hazard
,u32 Hazard_GetCount,gameplay,,SEMANTIC-MATCH,gameplay/hazard
,void Hazard_Clear,gameplay,,SEMANTIC-MATCH,gameplay/hazard
,void Hazard_Reset,gameplay,,SEMANTIC-MATCH,gameplay/hazard
,void HazardHelper_Init,gameplay,,SEMANTIC-MATCH,gameplay/hazard_helper
,s32 HazardHelper_Add,gameplay,,SEMANTIC-MATCH,gameplay/hazard_helper
,void HazardHelper_Update,gameplay,,SEMANTIC-MATCH,gameplay/hazard_helper
,void HazardHelper_Remove,gameplay,,SEMANTIC-MATCH,gameplay/hazard_helper
,u32 HazardHelper_GetCount,gameplay,,SEMANTIC-MATCH,gameplay/hazard_helper
,void HazardHelper_Clear,gameplay,,SEMANTIC-MATCH,gameplay/hazard_helper
,void HazardHelper_Reset,gameplay,,SEMANTIC-MATCH,gameplay/hazard_helper
,void HomingTarg_Init,gameplay,,SEMANTIC-MATCH,gameplay/homing_targ
,s32 HomingTarg_Add,gameplay,,SEMANTIC-MATCH,gameplay/homing_targ
,s32 HomingTarg_Nearest,gameplay,,SEMANTIC-MATCH,gameplay/homing_targ
,void HomingTarg_Remove,gameplay,,SEMANTIC-MATCH,gameplay/homing_targ
,s32 HomingTarg_GetX,gameplay,,SEMANTIC-MATCH,gameplay/homing_targ
,s32 HomingTarg_GetY,gameplay,,SEMANTIC-MATCH,gameplay/homing_targ
,u32 HomingTarg_GetCount,gameplay,,SEMANTIC-MATCH,gameplay/homing_targ
,s32 HomingTarg_IsActive,gameplay,,SEMANTIC-MATCH,gameplay/homing_targ
,void HomingTarg_Clear,gameplay,,SEMANTIC-MATCH,gameplay/homing_targ
,void HomingTarg_Reset,gameplay,,SEMANTIC-MATCH,gameplay/homing_targ
,void HomingTarget_Init,gameplay,,SEMANTIC-MATCH,gameplay/homing_target
,s32 HomingTarget_Add,gameplay,,SEMANTIC-MATCH,gameplay/homing_target
,void HomingTarget_Remove,gameplay,,SEMANTIC-MATCH,gameplay/homing_target
,s32 HomingTarget_GetBest,gameplay,,SEMANTIC-MATCH,gameplay/homing_target
,u32 HomingTarget_GetCount,gameplay,,SEMANTIC-MATCH,gameplay/homing_target
,void HomingTarget_Clear,gameplay,,SEMANTIC-MATCH,gameplay/homing_target
,void HomingTarget_Reset,gameplay,,SEMANTIC-MATCH,gameplay/homing_target
,void HomingTrail_Init,gameplay,,SEMANTIC-MATCH,gameplay/homing_trail
,s32 HomingTrail_Spawn,gameplay,,SEMANTIC-MATCH,gameplay/homing_trail
,void HomingTrail_Update,gameplay,,SEMANTIC-MATCH,gameplay/homing_trail
,void HomingTrail_Draw,gameplay,,SEMANTIC-MATCH,gameplay/homing_trail
,void HomingTrail_Remove,gameplay,,SEMANTIC-MATCH,gameplay/homing_trail
,u32 HomingTrail_GetCount,gameplay,,SEMANTIC-MATCH,gameplay/homing_trail
,s32 HomingTrail_IsActive,gameplay,,SEMANTIC-MATCH,gameplay/homing_trail
,void HomingTrail_Clear,gameplay,,SEMANTIC-MATCH,gameplay/homing_trail
,void HomingTrail_SpawnAt,gameplay,,SEMANTIC-MATCH,gameplay/homing_trail
,s32 HomingTrail_GetOldest,gameplay,,SEMANTIC-MATCH,gameplay/homing_trail
,s32 HomingTrail_GetNewest,gameplay,,SEMANTIC-MATCH,gameplay/homing_trail
,void HUDAnim_Init,gameplay,,SEMANTIC-MATCH,gameplay/hud_anim
,s32 HUDAnim_Add,gameplay,,SEMANTIC-MATCH,gameplay/hud_anim
,void HUDAnim_Remove,gameplay,,SEMANTIC-MATCH,gameplay/hud_anim
,void HUDAnim_Update,gameplay,,SEMANTIC-MATCH,gameplay/hud_anim
,void HUDAnim_Draw,gameplay,,SEMANTIC-MATCH,gameplay/hud_anim
,void HUDAnim_SetSpeed,gameplay,,SEMANTIC-MATCH,gameplay/hud_anim
,void HUDAnim_SetLoop,gameplay,,SEMANTIC-MATCH,gameplay/hud_anim
,void HUDAnim_Play,gameplay,,SEMANTIC-MATCH,gameplay/hud_anim
,void HUDAnim_Stop,gameplay,,SEMANTIC-MATCH,gameplay/hud_anim
,s32 HUDAnim_IsComplete,gameplay,,SEMANTIC-MATCH,gameplay/hud_anim
,void HUDAnim_Clear,gameplay,,SEMANTIC-MATCH,gameplay/hud_anim
,void HudBoost_Init,gameplay,,SEMANTIC-MATCH,gameplay/hud_boost
,void HudBoost_Update,gameplay,,SEMANTIC-MATCH,gameplay/hud_boost
,void HudBoost_Draw,gameplay,,SEMANTIC-MATCH,gameplay/hud_boost
,void HudBoost_SetMax,gameplay,,SEMANTIC-MATCH,gameplay/hud_boost
,void HudBoost_SetPos,gameplay,,SEMANTIC-MATCH,gameplay/hud_boost
,void HudBoost_Show,gameplay,,SEMANTIC-MATCH,gameplay/hud_boost
,void HudBoost_Hide,gameplay,,SEMANTIC-MATCH,gameplay/hud_boost
,s32 HudBoost_IsVisible,gameplay,,SEMANTIC-MATCH,gameplay/hud_boost
,void HudBoost_Reset,gameplay,,SEMANTIC-MATCH,gameplay/hud_boost
,void HudBoostIcon_Init,gameplay,,SEMANTIC-MATCH,gameplay/hud_boost_icon
,void HudBoostIcon_Draw,gameplay,,SEMANTIC-MATCH,gameplay/hud_boost_icon
,void HudBoostIcon_SetPos,gameplay,,SEMANTIC-MATCH,gameplay/hud_boost_icon
,void HudBoostIcon_Show,gameplay,,SEMANTIC-MATCH,gameplay/hud_boost_icon
,void HudBoostIcon_Hide,gameplay,,SEMANTIC-MATCH,gameplay/hud_boost_icon
,s32 HudBoostIcon_IsVisible,gameplay,,SEMANTIC-MATCH,gameplay/hud_boost_icon
,void HudBoostIcon_Reset,gameplay,,SEMANTIC-MATCH,gameplay/hud_boost_icon
,void HudCombo_Init,gameplay,,SEMANTIC-MATCH,gameplay/hud_combo
,void HudCombo_Update,gameplay,,SEMANTIC-MATCH,gameplay/hud_combo
,void HudCombo_Draw,gameplay,,SEMANTIC-MATCH,gameplay/hud_combo
,void HudCombo_SetCount,gameplay,,SEMANTIC-MATCH,gameplay/hud_combo
,u32 HudCombo_GetCount,gameplay,,SEMANTIC-MATCH,gameplay/hud_combo
,s32 HudCombo_IsVisible,gameplay,,SEMANTIC-MATCH,gameplay/hud_combo
,void HudCombo_Reset,gameplay,,SEMANTIC-MATCH,gameplay/hud_combo
,void HUDDraw_Init,gameplay,,SEMANTIC-MATCH,gameplay/hud_draw
,s32 HUDDraw_AddSprite,gameplay,,SEMANTIC-MATCH,gameplay/hud_draw
,void HUDDraw_RemoveSprite,gameplay,,SEMANTIC-MATCH,gameplay/hud_draw
,void HUDDraw_SetFrame,gameplay,,SEMANTIC-MATCH,gameplay/hud_draw
,void HUDDraw_SetPosition,gameplay,,SEMANTIC-MATCH,gameplay/hud_draw
,void HUDDraw_SetFlags,gameplay,,SEMANTIC-MATCH,gameplay/hud_draw
,void HUDDraw_Draw,gameplay,,SEMANTIC-MATCH,gameplay/hud_draw
,void HUDDraw_Clear,gameplay,,SEMANTIC-MATCH,gameplay/hud_draw
,u32 HUDDraw_GetCount,gameplay,,SEMANTIC-MATCH,gameplay/hud_draw
,void HudLives_Init,gameplay,,SEMANTIC-MATCH,gameplay/hud_lives
,void HudLives_Draw,gameplay,,SEMANTIC-MATCH,gameplay/hud_lives
,void HudLives_SetPos,gameplay,,SEMANTIC-MATCH,gameplay/hud_lives
,void HudLives_Show,gameplay,,SEMANTIC-MATCH,gameplay/hud_lives
,void HudLives_Hide,gameplay,,SEMANTIC-MATCH,gameplay/hud_lives
,s32 HudLives_IsVisible,gameplay,,SEMANTIC-MATCH,gameplay/hud_lives
,void HudLives_Reset,gameplay,,SEMANTIC-MATCH,gameplay/hud_lives
,void HudLivesIcon_Init,gameplay,,SEMANTIC-MATCH,gameplay/hud_lives_icon
,void HudLivesIcon_Draw,gameplay,,SEMANTIC-MATCH,gameplay/hud_lives_icon
,void HudLivesIcon_SetPos,gameplay,,SEMANTIC-MATCH,gameplay/hud_lives_icon
,void HudLivesIcon_Show,gameplay,,SEMANTIC-MATCH,gameplay/hud_lives_icon
,void HudLivesIcon_Hide,gameplay,,SEMANTIC-MATCH,gameplay/hud_lives_icon
,s32 HudLivesIcon_IsVisible,gameplay,,SEMANTIC-MATCH,gameplay/hud_lives_icon
,void HudLivesIcon_Reset,gameplay,,SEMANTIC-MATCH,gameplay/hud_lives_icon
,void HudMgr_Init,gameplay,,SEMANTIC-MATCH,gameplay/hud_mgr
,void HudMgr_Update,gameplay,,SEMANTIC-MATCH,gameplay/hud_mgr
,void HudMgr_SetActive,gameplay,,SEMANTIC-MATCH,gameplay/hud_mgr
,s32 HudMgr_IsActive,gameplay,,SEMANTIC-MATCH,gameplay/hud_mgr
,void HudMgr_Reset,gameplay,,SEMANTIC-MATCH,gameplay/hud_mgr
,void HudPos_Init,gameplay,,SEMANTIC-MATCH,gameplay/hud_pos
,void HudPos_Draw,gameplay,,SEMANTIC-MATCH,gameplay/hud_pos
,void HudPos_SetPos,gameplay,,SEMANTIC-MATCH,gameplay/hud_pos
,void HudPos_Show,gameplay,,SEMANTIC-MATCH,gameplay/hud_pos
,void HudPos_Hide,gameplay,,SEMANTIC-MATCH,gameplay/hud_pos
,s32 HudPos_IsVisible,gameplay,,SEMANTIC-MATCH,gameplay/hud_pos
,void HudPos_Reset,gameplay,,SEMANTIC-MATCH,gameplay/hud_pos
,void HudRingIcon_Init,gameplay,,SEMANTIC-MATCH,gameplay/hud_ring_icon
,void HudRingIcon_Draw,gameplay,,SEMANTIC-MATCH,gameplay/hud_ring_icon
,void HudRingIcon_SetPos,gameplay,,SEMANTIC-MATCH,gameplay/hud_ring_icon
,void HudRingIcon_Show,gameplay,,SEMANTIC-MATCH,gameplay/hud_ring_icon
,void HudRingIcon_Hide,gameplay,,SEMANTIC-MATCH,gameplay/hud_ring_icon
,s32 HudRingIcon_IsVisible,gameplay,,SEMANTIC-MATCH,gameplay/hud_ring_icon
,void HudRingIcon_Reset,gameplay,,SEMANTIC-MATCH,gameplay/hud_ring_icon
,void HudRings_Init,gameplay,,SEMANTIC-MATCH,gameplay/hud_rings
,void HudRings_Draw,gameplay,,SEMANTIC-MATCH,gameplay/hud_rings
,void HudRings_Flash,gameplay,,SEMANTIC-MATCH,gameplay/hud_rings
,void HudRings_SetPos,gameplay,,SEMANTIC-MATCH,gameplay/hud_rings
,void HudRings_Show,gameplay,,SEMANTIC-MATCH,gameplay/hud_rings
,void HudRings_Hide,gameplay,,SEMANTIC-MATCH,gameplay/hud_rings
,s32 HudRings_IsVisible,gameplay,,SEMANTIC-MATCH,gameplay/hud_rings
,void HudRings_Reset,gameplay,,SEMANTIC-MATCH,gameplay/hud_rings
,void HudScore_Init,gameplay,,SEMANTIC-MATCH,gameplay/hud_score
,void HudScore_Draw,gameplay,,SEMANTIC-MATCH,gameplay/hud_score
,void HudScore_SetPos,gameplay,,SEMANTIC-MATCH,gameplay/hud_score
,void HudScore_Show,gameplay,,SEMANTIC-MATCH,gameplay/hud_score
,void HudScore_Hide,gameplay,,SEMANTIC-MATCH,gameplay/hud_score
,s32 HudScore_IsVisible,gameplay,,SEMANTIC-MATCH,gameplay/hud_score
,void HudScore_Reset,gameplay,,SEMANTIC-MATCH,gameplay/hud_score
,void HudScoreIcon_Init,gameplay,,SEMANTIC-MATCH,gameplay/hud_score_icon
,void HudScoreIcon_Draw,gameplay,,SEMANTIC-MATCH,gameplay/hud_score_icon
,void HudScoreIcon_SetPos,gameplay,,SEMANTIC-MATCH,gameplay/hud_score_icon
,void HudScoreIcon_Show,gameplay,,SEMANTIC-MATCH,gameplay/hud_score_icon
,void HudScoreIcon_Hide,gameplay,,SEMANTIC-MATCH,gameplay/hud_score_icon
,s32 HudScoreIcon_IsVisible,gameplay,,SEMANTIC-MATCH,gameplay/hud_score_icon
,void HudScoreIcon_Reset,gameplay,,SEMANTIC-MATCH,gameplay/hud_score_icon
,void HudSpeed_Init,gameplay,,SEMANTIC-MATCH,gameplay/hud_speed
,void HudSpeed_Draw,gameplay,,SEMANTIC-MATCH,gameplay/hud_speed
,void HudSpeed_SetPos,gameplay,,SEMANTIC-MATCH,gameplay/hud_speed
,void HudSpeed_Show,gameplay,,SEMANTIC-MATCH,gameplay/hud_speed
,void HudSpeed_Hide,gameplay,,SEMANTIC-MATCH,gameplay/hud_speed
,s32 HudSpeed_IsVisible,gameplay,,SEMANTIC-MATCH,gameplay/hud_speed
,void HudSpeed_Reset,gameplay,,SEMANTIC-MATCH,gameplay/hud_speed
,void HudTime_Init,gameplay,,SEMANTIC-MATCH,gameplay/hud_time
,void HudTime_Draw,gameplay,,SEMANTIC-MATCH,gameplay/hud_time
,void HudTime_SetPos,gameplay,,SEMANTIC-MATCH,gameplay/hud_time
,void HudTime_Show,gameplay,,SEMANTIC-MATCH,gameplay/hud_time
,void HudTime_Hide,gameplay,,SEMANTIC-MATCH,gameplay/hud_time
,s32 HudTime_IsVisible,gameplay,,SEMANTIC-MATCH,gameplay/hud_time
,void HudTime_Reset,gameplay,,SEMANTIC-MATCH,gameplay/hud_time
,void HudTimerIcon_Init,gameplay,,SEMANTIC-MATCH,gameplay/hud_timer_icon
,void HudTimerIcon_Draw,gameplay,,SEMANTIC-MATCH,gameplay/hud_timer_icon
,void HudTimerIcon_SetPos,gameplay,,SEMANTIC-MATCH,gameplay/hud_timer_icon
,void HudTimerIcon_Show,gameplay,,SEMANTIC-MATCH,gameplay/hud_timer_icon
,void HudTimerIcon_Hide,gameplay,,SEMANTIC-MATCH,gameplay/hud_timer_icon
,s32 HudTimerIcon_IsVisible,gameplay,,SEMANTIC-MATCH,gameplay/hud_timer_icon
,void HudTimerIcon_Reset,gameplay,,SEMANTIC-MATCH,gameplay/hud_timer_icon
,void HudTrick_Init,gameplay,,SEMANTIC-MATCH,gameplay/hud_trick
,void HudTrick_Update,gameplay,,SEMANTIC-MATCH,gameplay/hud_trick
,void HudTrick_Draw,gameplay,,SEMANTIC-MATCH,gameplay/hud_trick
,void HudTrick_Show,gameplay,,SEMANTIC-MATCH,gameplay/hud_trick
,void HudTrick_Hide,gameplay,,SEMANTIC-MATCH,gameplay/hud_trick
,s32 HudTrick_IsVisible,gameplay,,SEMANTIC-MATCH,gameplay/hud_trick
,void HudTrick_Reset,gameplay,,SEMANTIC-MATCH,gameplay/hud_trick
,void HUDUpdate_Init,gameplay,,SEMANTIC-MATCH,gameplay/hud_update
,void HUDUpdate_Update,gameplay,,SEMANTIC-MATCH,gameplay/hud_update
,void HUDUpdate_Score,gameplay,,SEMANTIC-MATCH,gameplay/hud_update
,void HUDUpdate_Rings,gameplay,,SEMANTIC-MATCH,gameplay/hud_update
,void HUDUpdate_Time,gameplay,,SEMANTIC-MATCH,gameplay/hud_update
,void HUDUpdate_Lives,gameplay,,SEMANTIC-MATCH,gameplay/hud_update
,void HUDUpdate_Boost,gameplay,,SEMANTIC-MATCH,gameplay/hud_update
,void HUDUpdate_Combo,gameplay,,SEMANTIC-MATCH,gameplay/hud_update
,void HUDUpdate_All,gameplay,,SEMANTIC-MATCH,gameplay/hud_update
,void HUDUpdate_Reset,gameplay,,SEMANTIC-MATCH,gameplay/hud_update
,void HurtboxHelper_Init,gameplay,,SEMANTIC-MATCH,gameplay/hurtbox_helper
,s32 HurtboxHelper_Add,gameplay,,SEMANTIC-MATCH,gameplay/hurtbox_helper
,void HurtboxHelper_Remove,gameplay,,SEMANTIC-MATCH,gameplay/hurtbox_helper
,s32 HurtboxHelper_Check,gameplay,,SEMANTIC-MATCH,gameplay/hurtbox_helper
,s32 HurtboxHelper_IsActive,gameplay,,SEMANTIC-MATCH,gameplay/hurtbox_helper
,u32 HurtboxHelper_GetCount,gameplay,,SEMANTIC-MATCH,gameplay/hurtbox_helper
,void HurtboxHelper_Clear,gameplay,,SEMANTIC-MATCH,gameplay/hurtbox_helper
,void HurtFlash_Init,gameplay,,SEMANTIC-MATCH,gameplay/hurt_flash
,void HurtFlash_Start,gameplay,,SEMANTIC-MATCH,gameplay/hurt_flash
,void HurtFlash_Update,gameplay,,SEMANTIC-MATCH,gameplay/hurt_flash
,void HurtFlash_Draw,gameplay,,SEMANTIC-MATCH,gameplay/hurt_flash
,void HurtFlash_Stop,gameplay,,SEMANTIC-MATCH,gameplay/hurt_flash
,s32 HurtFlash_IsActive,gameplay,,SEMANTIC-MATCH,gameplay/hurt_flash
,u32 HurtFlash_GetTimer,gameplay,,SEMANTIC-MATCH,gameplay/hurt_flash
,s32 HurtFlash_GetAlpha,gameplay,,SEMANTIC-MATCH,gameplay/hurt_flash
,s32 HurtFlash_IsFlickering,gameplay,,SEMANTIC-MATCH,gameplay/hurt_flash
,void HurtFlash_Reset,gameplay,,SEMANTIC-MATCH,gameplay/hurt_flash
,void IceBreak_Init,gameplay,,SEMANTIC-MATCH,gameplay/ice_break
,s32 IceBreak_Spawn,gameplay,,SEMANTIC-MATCH,gameplay/ice_break
,void IceBreak_Update,gameplay,,SEMANTIC-MATCH,gameplay/ice_break
,void IceBreak_Remove,gameplay,,SEMANTIC-MATCH,gameplay/ice_break
,u32 IceBreak_GetCount,gameplay,,SEMANTIC-MATCH,gameplay/ice_break
,s32 IceBreak_IsActive,gameplay,,SEMANTIC-MATCH,gameplay/ice_break
,void IceBreak_Clear,gameplay,,SEMANTIC-MATCH,gameplay/ice_break
,void IceBreak_Reset,gameplay,,SEMANTIC-MATCH,gameplay/ice_break
,void IcyFloor_Init,gameplay,,SEMANTIC-MATCH,gameplay/icy_floor
,s32 IcyFloor_Add,gameplay,,SEMANTIC-MATCH,gameplay/icy_floor
,void IcyFloor_Update,gameplay,,SEMANTIC-MATCH,gameplay/icy_floor
,void IcyFloor_Remove,gameplay,,SEMANTIC-MATCH,gameplay/icy_floor
,u32 IcyFloor_GetCount,gameplay,,SEMANTIC-MATCH,gameplay/icy_floor
,void IcyFloor_Clear,gameplay,,SEMANTIC-MATCH,gameplay/icy_floor
,void IcyFloor_Reset,gameplay,,SEMANTIC-MATCH,gameplay/icy_floor
,void Impact_Init,gameplay,,SEMANTIC-MATCH,gameplay/impact
,s32 Impact_Spawn,gameplay,,SEMANTIC-MATCH,gameplay/impact
,void Impact_Update,gameplay,,SEMANTIC-MATCH,gameplay/impact
,void Impact_Draw,gameplay,,SEMANTIC-MATCH,gameplay/impact
,void Impact_Remove,gameplay,,SEMANTIC-MATCH,gameplay/impact
,u32 Impact_GetCount,gameplay,,SEMANTIC-MATCH,gameplay/impact
,s32 Impact_IsActive,gameplay,,SEMANTIC-MATCH,gameplay/impact
,u32 Impact_GetDirection,gameplay,,SEMANTIC-MATCH,gameplay/impact
,u32 Impact_GetFrame,gameplay,,SEMANTIC-MATCH,gameplay/impact
,void Impact_Clear,gameplay,,SEMANTIC-MATCH,gameplay/impact
,void InputDisp_Init,gameplay,,SEMANTIC-MATCH,gameplay/input_disp
,void InputDisp_Start,gameplay,,SEMANTIC-MATCH,gameplay/input_disp
,void InputDisp_Stop,gameplay,,SEMANTIC-MATCH,gameplay/input_disp
,void InputDisp_Draw,gameplay,,SEMANTIC-MATCH,gameplay/input_disp
,s32 InputDisp_IsActive,gameplay,,SEMANTIC-MATCH,gameplay/input_disp
,void InputDisp_Reset,gameplay,,SEMANTIC-MATCH,gameplay/input_disp
,void InvBox_Init,gameplay,,SEMANTIC-MATCH,gameplay/inv_box
,s32 InvBox_Add,gameplay,,SEMANTIC-MATCH,gameplay/inv_box
,void InvBox_Update,gameplay,,SEMANTIC-MATCH,gameplay/inv_box
,void InvBox_Remove,gameplay,,SEMANTIC-MATCH,gameplay/inv_box
,u32 InvBox_GetCount,gameplay,,SEMANTIC-MATCH,gameplay/inv_box
,void InvBox_Clear,gameplay,,SEMANTIC-MATCH,gameplay/inv_box
,void InvBox_Reset,gameplay,,SEMANTIC-MATCH,gameplay/inv_box
,void Invincibility_Init,gameplay,,SEMANTIC-MATCH,gameplay/invincibility
,void Invincibility_Start,gameplay,,SEMANTIC-MATCH,gameplay/invincibility
,void Invincibility_Update,gameplay,,SEMANTIC-MATCH,gameplay/invincibility
,void Invincibility_Stop,gameplay,,SEMANTIC-MATCH,gameplay/invincibility
,s32 Invincibility_IsActive,gameplay,,SEMANTIC-MATCH,gameplay/invincibility
,u32 Invincibility_GetTimer,gameplay,,SEMANTIC-MATCH,gameplay/invincibility
,s32 Invincibility_IsFlickering,gameplay,,SEMANTIC-MATCH,gameplay/invincibility
,u32 Invincibility_GetProgress,gameplay,,SEMANTIC-MATCH,gameplay/invincibility
,s32 Invincibility_IsHurtProtected,gameplay,,SEMANTIC-MATCH,gameplay/invincibility
,void Invincibility_Draw,gameplay,,SEMANTIC-MATCH,gameplay/invincibility
,void Invincibility_Reset,gameplay,,SEMANTIC-MATCH,gameplay/invincibility
,void InvSparkle_Init,gameplay,,SEMANTIC-MATCH,gameplay/inv_sparkle
,s32 InvSparkle_Spawn,gameplay,,SEMANTIC-MATCH,gameplay/inv_sparkle
,void InvSparkle_Update,gameplay,,SEMANTIC-MATCH,gameplay/inv_sparkle
,void InvSparkle_Draw,gameplay,,SEMANTIC-MATCH,gameplay/inv_sparkle
,void InvSparkle_Remove,gameplay,,SEMANTIC-MATCH,gameplay/inv_sparkle
,u32 InvSparkle_GetCount,gameplay,,SEMANTIC-MATCH,gameplay/inv_sparkle
,s32 InvSparkle_IsActive,gameplay,,SEMANTIC-MATCH,gameplay/inv_sparkle
,void InvSparkle_SpawnBurst,gameplay,,SEMANTIC-MATCH,gameplay/inv_sparkle
,void InvSparkle_Clear,gameplay,,SEMANTIC-MATCH,gameplay/inv_sparkle
,void ItemBox_Init,gameplay,,SEMANTIC-MATCH,gameplay/itembox
,s32 ItemBox_Add,gameplay,,SEMANTIC-MATCH,gameplay/itembox
,void ItemBox_Remove,gameplay,,SEMANTIC-MATCH,gameplay/itembox
,s32 ItemBox_Check,gameplay,,SEMANTIC-MATCH,gameplay/itembox
,void ItemBox_Break,gameplay,,SEMANTIC-MATCH,gameplay/itembox
,u32 ItemBox_GetItemType,gameplay,,SEMANTIC-MATCH,gameplay/itembox
,s32 ItemBox_IsActive,gameplay,,SEMANTIC-MATCH,gameplay/itembox
,s32 ItemBox_IsBroken,gameplay,,SEMANTIC-MATCH,gameplay/itembox
,u32 ItemBox_GetCount,gameplay,,SEMANTIC-MATCH,gameplay/itembox
,void ItemBox_Spawn,gameplay,,SEMANTIC-MATCH,gameplay/itembox
,void ItemBox_Clear,gameplay,,SEMANTIC-MATCH,gameplay/itembox
,void ItemMonitor_Init,gameplay,,SEMANTIC-MATCH,gameplay/item_monitor
,s32 ItemMonitor_Add,gameplay,,SEMANTIC-MATCH,gameplay/item_monitor
,void ItemMonitor_Update,gameplay,,SEMANTIC-MATCH,gameplay/item_monitor
,void ItemMonitor_Remove,gameplay,,SEMANTIC-MATCH,gameplay/item_monitor
,s32 ItemMonitor_GetX,gameplay,,SEMANTIC-MATCH,gameplay/item_monitor
,s32 ItemMonitor_GetY,gameplay,,SEMANTIC-MATCH,gameplay/item_monitor
,u32 ItemMonitor_IsBroken,gameplay,,SEMANTIC-MATCH,gameplay/item_monitor
,u32 ItemMonitor_GetCount,gameplay,,SEMANTIC-MATCH,gameplay/item_monitor
,void ItemMonitor_Clear,gameplay,,SEMANTIC-MATCH,gameplay/item_monitor
,void ItemMonitor_Reset,gameplay,,SEMANTIC-MATCH,gameplay/item_monitor
,void ItemSpawn_Init,gameplay,,SEMANTIC-MATCH,gameplay/item_spawn
,s32 ItemSpawn_Add,gameplay,,SEMANTIC-MATCH,gameplay/item_spawn
,void ItemSpawn_Update,gameplay,,SEMANTIC-MATCH,gameplay/item_spawn
,void ItemSpawn_Remove,gameplay,,SEMANTIC-MATCH,gameplay/item_spawn
,u32 ItemSpawn_GetType,gameplay,,SEMANTIC-MATCH,gameplay/item_spawn
,s32 ItemSpawn_IsSpawned,gameplay,,SEMANTIC-MATCH,gameplay/item_spawn
,u32 ItemSpawn_GetCount,gameplay,,SEMANTIC-MATCH,gameplay/item_spawn
,void ItemSpawn_Clear,gameplay,,SEMANTIC-MATCH,gameplay/item_spawn
,void ItemSpawn_Reset,gameplay,,SEMANTIC-MATCH,gameplay/item_spawn
,void JumpDust_Init,gameplay,,SEMANTIC-MATCH,gameplay/jump_dust
,s32 JumpDust_Spawn,gameplay,,SEMANTIC-MATCH,gameplay/jump_dust
,void JumpDust_Update,gameplay,,SEMANTIC-MATCH,gameplay/jump_dust
,void JumpDust_Draw,gameplay,,SEMANTIC-MATCH,gameplay/jump_dust
,void JumpDust_Remove,gameplay,,SEMANTIC-MATCH,gameplay/jump_dust
,u32 JumpDust_GetCount,gameplay,,SEMANTIC-MATCH,gameplay/jump_dust
,s32 JumpDust_IsActive,gameplay,,SEMANTIC-MATCH,gameplay/jump_dust
,u32 JumpDust_GetDirection,gameplay,,SEMANTIC-MATCH,gameplay/jump_dust
,void JumpDust_SpawnJump,gameplay,,SEMANTIC-MATCH,gameplay/jump_dust
,void JumpDust_SpawnLand,gameplay,,SEMANTIC-MATCH,gameplay/jump_dust
,void JumpDust_Clear,gameplay,,SEMANTIC-MATCH,gameplay/jump_dust
,void Ladder_Init,gameplay,,SEMANTIC-MATCH,gameplay/ladder
,s32 Ladder_Add,gameplay,,SEMANTIC-MATCH,gameplay/ladder
,void Ladder_Update,gameplay,,SEMANTIC-MATCH,gameplay/ladder
,void Ladder_Remove,gameplay,,SEMANTIC-MATCH,gameplay/ladder
,u32 Ladder_GetCount,gameplay,,SEMANTIC-MATCH,gameplay/ladder
,void Ladder_Clear,gameplay,,SEMANTIC-MATCH,gameplay/ladder
,void Ladder_Reset,gameplay,,SEMANTIC-MATCH,gameplay/ladder
,void LandDust_Init,gameplay,,SEMANTIC-MATCH,gameplay/land_dust
,s32 LandDust_Spawn,gameplay,,SEMANTIC-MATCH,gameplay/land_dust
,void LandDust_Update,gameplay,,SEMANTIC-MATCH,gameplay/land_dust
,void LandDust_Draw,gameplay,,SEMANTIC-MATCH,gameplay/land_dust
,void LandDust_Remove,gameplay,,SEMANTIC-MATCH,gameplay/land_dust
,u32 LandDust_GetCount,gameplay,,SEMANTIC-MATCH,gameplay/land_dust
,s32 LandDust_IsActive,gameplay,,SEMANTIC-MATCH,gameplay/land_dust
,s32 LandDust_GetSpeed,gameplay,,SEMANTIC-MATCH,gameplay/land_dust
,void LandDust_SpawnAt,gameplay,,SEMANTIC-MATCH,gameplay/land_dust
,void LandDust_Clear,gameplay,,SEMANTIC-MATCH,gameplay/land_dust
,void Lava_Init,gameplay,,SEMANTIC-MATCH,gameplay/lava
,s32 Lava_Add,gameplay,,SEMANTIC-MATCH,gameplay/lava
,void Lava_Update,gameplay,,SEMANTIC-MATCH,gameplay/lava
,void Lava_Remove,gameplay,,SEMANTIC-MATCH,gameplay/lava
,u32 Lava_GetCount,gameplay,,SEMANTIC-MATCH,gameplay/lava
,void Lava_Clear,gameplay,,SEMANTIC-MATCH,gameplay/lava
,void Lava_Reset,gameplay,,SEMANTIC-MATCH,gameplay/lava
,s32 Lava_Check,gameplay,,SEMANTIC-MATCH,gameplay/lava_hazard
,void Lava_Apply,gameplay,,SEMANTIC-MATCH,gameplay/lava_hazard
,s32 Spike_Check,gameplay,,SEMANTIC-MATCH,gameplay/lava_hazard
,void Spike_Apply,gameplay,,SEMANTIC-MATCH,gameplay/lava_hazard
,void LevelBounds_Init,gameplay,,SEMANTIC-MATCH,gameplay/level_bounds
,void LevelBounds_Set,gameplay,,SEMANTIC-MATCH,gameplay/level_bounds
,s32 LevelBounds_Check,gameplay,,SEMANTIC-MATCH,gameplay/level_bounds
,void LevelBounds_Clamp,gameplay,,SEMANTIC-MATCH,gameplay/level_bounds
,s32 LevelBounds_GetLeft,gameplay,,SEMANTIC-MATCH,gameplay/level_bounds
,s32 LevelBounds_GetTop,gameplay,,SEMANTIC-MATCH,gameplay/level_bounds
,s32 LevelBounds_GetRight,gameplay,,SEMANTIC-MATCH,gameplay/level_bounds
,s32 LevelBounds_GetBottom,gameplay,,SEMANTIC-MATCH,gameplay/level_bounds
,s32 LevelBounds_GetWidth,gameplay,,SEMANTIC-MATCH,gameplay/level_bounds
,s32 LevelBounds_GetHeight,gameplay,,SEMANTIC-MATCH,gameplay/level_bounds
,void LevelBounds_Reset,gameplay,,SEMANTIC-MATCH,gameplay/level_bounds
,void LevelBoundsHelper_Init,gameplay,,SEMANTIC-MATCH,gameplay/level_bounds_helper
,void LevelBoundsHelper_Set,gameplay,,SEMANTIC-MATCH,gameplay/level_bounds_helper
,void LevelBoundsHelper_Update,gameplay,,SEMANTIC-MATCH,gameplay/level_bounds_helper
,s32 LevelBoundsHelper_GetLeft,gameplay,,SEMANTIC-MATCH,gameplay/level_bounds_helper
,s32 LevelBoundsHelper_GetRight,gameplay,,SEMANTIC-MATCH,gameplay/level_bounds_helper
,s32 LevelBoundsHelper_GetTop,gameplay,,SEMANTIC-MATCH,gameplay/level_bounds_helper
,s32 LevelBoundsHelper_GetBottom,gameplay,,SEMANTIC-MATCH,gameplay/level_bounds_helper
,void LevelBoundsHelper_Reset,gameplay,,SEMANTIC-MATCH,gameplay/level_bounds_helper
,void LevelCheckpoint_Init,gameplay,,SEMANTIC-MATCH,gameplay/level_checkpoint_data
,void LevelCheckpoint_Save,gameplay,,SEMANTIC-MATCH,gameplay/level_checkpoint_data
,s32 LevelCheckpoint_Load,gameplay,,SEMANTIC-MATCH,gameplay/level_checkpoint_data
,s32 LevelCheckpoint_IsSaved,gameplay,,SEMANTIC-MATCH,gameplay/level_checkpoint_data
,void LevelCheckpoint_Clear,gameplay,,SEMANTIC-MATCH,gameplay/level_checkpoint_data
,s32 LevelCheckpoint_GetX,gameplay,,SEMANTIC-MATCH,gameplay/level_checkpoint_data
,s32 LevelCheckpoint_GetY,gameplay,,SEMANTIC-MATCH,gameplay/level_checkpoint_data
,void LevelCheckpoint_Reset,gameplay,,SEMANTIC-MATCH,gameplay/level_checkpoint_data
,void LevelClear_Init,gameplay,,SEMANTIC-MATCH,gameplay/level_clear
,void LevelClear_Start,gameplay,,SEMANTIC-MATCH,gameplay/level_clear
,s32 LevelClear_Update,gameplay,,SEMANTIC-MATCH,gameplay/level_clear
,void LevelClear_Draw,gameplay,,SEMANTIC-MATCH,gameplay/level_clear
,void LevelClear_Skip,gameplay,,SEMANTIC-MATCH,gameplay/level_clear
,u32 LevelClear_GetState,gameplay,,SEMANTIC-MATCH,gameplay/level_clear
,u32 LevelClear_GetTimer,gameplay,,SEMANTIC-MATCH,gameplay/level_clear
,void LevelClear_Reset,gameplay,,SEMANTIC-MATCH,gameplay/level_clear
,void LevelEvent_Init,gameplay,,SEMANTIC-MATCH,gameplay/level_event
,s32 LevelEvent_Add,gameplay,,SEMANTIC-MATCH,gameplay/level_event
,void LevelEvent_Update,gameplay,,SEMANTIC-MATCH,gameplay/level_event
,void LevelEvent_Remove,gameplay,,SEMANTIC-MATCH,gameplay/level_event
,u32 LevelEvent_GetCount,gameplay,,SEMANTIC-MATCH,gameplay/level_event
,void LevelEvent_Clear,gameplay,,SEMANTIC-MATCH,gameplay/level_event
,void LevelEvent_Reset,gameplay,,SEMANTIC-MATCH,gameplay/level_event
,void LevelEventTrigger_Init,gameplay,,SEMANTIC-MATCH,gameplay/level_event_trigger
,s32 LevelEventTrigger_Add,gameplay,,SEMANTIC-MATCH,gameplay/level_event_trigger
,void LevelEventTrigger_Update,gameplay,,SEMANTIC-MATCH,gameplay/level_event_trigger
,void LevelEventTrigger_Remove,gameplay,,SEMANTIC-MATCH,gameplay/level_event_trigger
,u32 LevelEventTrigger_GetCount,gameplay,,SEMANTIC-MATCH,gameplay/level_event_trigger
,void LevelEventTrigger_Clear,gameplay,,SEMANTIC-MATCH,gameplay/level_event_trigger
,void LevelEventTrigger_Reset,gameplay,,SEMANTIC-MATCH,gameplay/level_event_trigger
,void LevelFlag_Init,gameplay,,SEMANTIC-MATCH,gameplay/level_flag
,s32 LevelFlag_Add,gameplay,,SEMANTIC-MATCH,gameplay/level_flag
,s32 LevelFlag_Get,gameplay,,SEMANTIC-MATCH,gameplay/level_flag
,void LevelFlag_Set,gameplay,,SEMANTIC-MATCH,gameplay/level_flag
,void LevelFlag_Remove,gameplay,,SEMANTIC-MATCH,gameplay/level_flag
,u32 LevelFlag_GetCount,gameplay,,SEMANTIC-MATCH,gameplay/level_flag
,void LevelFlag_Clear,gameplay,,SEMANTIC-MATCH,gameplay/level_flag
,void LevelFlag_Reset,gameplay,,SEMANTIC-MATCH,gameplay/level_flag
,void LevelFx_Init,gameplay,,SEMANTIC-MATCH,gameplay/level_fx
,s32 LevelFx_Add,gameplay,,SEMANTIC-MATCH,gameplay/level_fx
,void LevelFx_Update,gameplay,,SEMANTIC-MATCH,gameplay/level_fx
,void LevelFx_Draw,gameplay,,SEMANTIC-MATCH,gameplay/level_fx
,void LevelFx_Remove,gameplay,,SEMANTIC-MATCH,gameplay/level_fx
,u32 LevelFx_GetCount,gameplay,,SEMANTIC-MATCH,gameplay/level_fx
,s32 LevelFx_IsActive,gameplay,,SEMANTIC-MATCH,gameplay/level_fx
,void LevelFx_Clear,gameplay,,SEMANTIC-MATCH,gameplay/level_fx
,void LevelFx_Reset,gameplay,,SEMANTIC-MATCH,gameplay/level_fx
,void LevelGravity_Init,gameplay,,SEMANTIC-MATCH,gameplay/level_gravity
,void LevelGravity_Set,gameplay,,SEMANTIC-MATCH,gameplay/level_gravity
,void LevelGravity_SetNormal,gameplay,,SEMANTIC-MATCH,gameplay/level_gravity
,void LevelGravity_SetReverse,gameplay,,SEMANTIC-MATCH,gameplay/level_gravity
,s32 LevelGravity_Get,gameplay,,SEMANTIC-MATCH,gameplay/level_gravity
,void LevelGravity_Update,gameplay,,SEMANTIC-MATCH,gameplay/level_gravity
,void LevelGravity_Reset,gameplay,,SEMANTIC-MATCH,gameplay/level_gravity
,void LevelHazard_Init,gameplay,,SEMANTIC-MATCH,gameplay/level_hazard
,s32 LevelHazard_Add,gameplay,,SEMANTIC-MATCH,gameplay/level_hazard
,void LevelHazard_Remove,gameplay,,SEMANTIC-MATCH,gameplay/level_hazard
,s32 LevelHazard_Check,gameplay,,SEMANTIC-MATCH,gameplay/level_hazard
,u32 LevelHazard_GetType,gameplay,,SEMANTIC-MATCH,gameplay/level_hazard
,s32 LevelHazard_IsActive,gameplay,,SEMANTIC-MATCH,gameplay/level_hazard
,u32 LevelHazard_GetCount,gameplay,,SEMANTIC-MATCH,gameplay/level_hazard
,void LevelHazard_Clear,gameplay,,SEMANTIC-MATCH,gameplay/level_hazard
,void LevelHazard_Reset,gameplay,,SEMANTIC-MATCH,gameplay/level_hazard
,void LevelIntro_Init,gameplay,,SEMANTIC-MATCH,gameplay/level_intro
,void LevelIntro_Start,gameplay,,SEMANTIC-MATCH,gameplay/level_intro
,s32 LevelIntro_Update,gameplay,,SEMANTIC-MATCH,gameplay/level_intro
,void LevelIntro_Reset,gameplay,,SEMANTIC-MATCH,gameplay/level_intro
,void LevelOutro_Init,gameplay,,SEMANTIC-MATCH,gameplay/level_outro
,void LevelOutro_Start,gameplay,,SEMANTIC-MATCH,gameplay/level_outro
,s32 LevelOutro_Update,gameplay,,SEMANTIC-MATCH,gameplay/level_outro
,void LevelOutro_Reset,gameplay,,SEMANTIC-MATCH,gameplay/level_outro
,void LevelRestart_Init,gameplay,,SEMANTIC-MATCH,gameplay/level_restart
,void LevelRestart_Start,gameplay,,SEMANTIC-MATCH,gameplay/level_restart
,s32 LevelRestart_Update,gameplay,,SEMANTIC-MATCH,gameplay/level_restart
,void LevelRestart_Draw,gameplay,,SEMANTIC-MATCH,gameplay/level_restart
,u32 LevelRestart_GetState,gameplay,,SEMANTIC-MATCH,gameplay/level_restart
,u32 LevelRestart_GetTimer,gameplay,,SEMANTIC-MATCH,gameplay/level_restart
,void LevelRestart_Reset,gameplay,,SEMANTIC-MATCH,gameplay/level_restart
,void LevelSave_Init,gameplay,,SEMANTIC-MATCH,gameplay/level_save
,void LevelSave_SetRings,gameplay,,SEMANTIC-MATCH,gameplay/level_save
,void LevelSave_SetScore,gameplay,,SEMANTIC-MATCH,gameplay/level_save
,void LevelSave_SetTime,gameplay,,SEMANTIC-MATCH,gameplay/level_save
,u32 LevelSave_GetRings,gameplay,,SEMANTIC-MATCH,gameplay/level_save
,u32 LevelSave_GetScore,gameplay,,SEMANTIC-MATCH,gameplay/level_save
,u32 LevelSave_GetTime,gameplay,,SEMANTIC-MATCH,gameplay/level_save
,void LevelSave_Save,gameplay,,SEMANTIC-MATCH,gameplay/level_save
,void LevelSave_Load,gameplay,,SEMANTIC-MATCH,gameplay/level_save
,void LevelSave_Reset,gameplay,,SEMANTIC-MATCH,gameplay/level_save
,void LevelTrans_Init,gameplay,,SEMANTIC-MATCH,gameplay/level_trans
,void LevelTrans_Start,gameplay,,SEMANTIC-MATCH,gameplay/level_trans
,s32 LevelTrans_Update,gameplay,,SEMANTIC-MATCH,gameplay/level_trans
,void LevelTrans_Reset,gameplay,,SEMANTIC-MATCH,gameplay/level_trans
,void LevelTransition_Update,gameplay,,SEMANTIC-MATCH,gameplay/level_transition
,s32 LevelTransition_CheckPlayer,gameplay,,SEMANTIC-MATCH,gameplay/level_transition
,void LevelTransition_Start,gameplay,,SEMANTIC-MATCH,gameplay/level_transition
,void LevelTransition_ChangeLevel,gameplay,,SEMANTIC-MATCH,gameplay/level_transition
,void LevelTransition_Animate,gameplay,,SEMANTIC-MATCH,gameplay/level_transition
,void LevelTransition_Init,gameplay,,SEMANTIC-MATCH,gameplay/level_transition
,void LevelWarp_Init,gameplay,,SEMANTIC-MATCH,gameplay/level_warp
,void LevelWarp_Start,gameplay,,SEMANTIC-MATCH,gameplay/level_warp
,s32 LevelWarp_Update,gameplay,,SEMANTIC-MATCH,gameplay/level_warp
,s32 LevelWarp_IsActive,gameplay,,SEMANTIC-MATCH,gameplay/level_warp
,u32 LevelWarp_GetDestZone,gameplay,,SEMANTIC-MATCH,gameplay/level_warp
,s32 LevelWarp_GetDestX,gameplay,,SEMANTIC-MATCH,gameplay/level_warp
,s32 LevelWarp_GetDestY,gameplay,,SEMANTIC-MATCH,gameplay/level_warp
,void LevelWarp_Reset,gameplay,,SEMANTIC-MATCH,gameplay/level_warp
,void LevelWater_Init,gameplay,,SEMANTIC-MATCH,gameplay/level_water
,void LevelWater_Start,gameplay,,SEMANTIC-MATCH,gameplay/level_water
,void LevelWater_Stop,gameplay,,SEMANTIC-MATCH,gameplay/level_water
,void LevelWater_Update,gameplay,,SEMANTIC-MATCH,gameplay/level_water
,s32 LevelWater_IsActive,gameplay,,SEMANTIC-MATCH,gameplay/level_water
,s32 LevelWater_GetLevel,gameplay,,SEMANTIC-MATCH,gameplay/level_water
,void LevelWater_Reset,gameplay,,SEMANTIC-MATCH,gameplay/level_water
,void LevelWind_Init,gameplay,,SEMANTIC-MATCH,gameplay/level_wind
,void LevelWind_Start,gameplay,,SEMANTIC-MATCH,gameplay/level_wind
,void LevelWind_Stop,gameplay,,SEMANTIC-MATCH,gameplay/level_wind
,void LevelWind_Update,gameplay,,SEMANTIC-MATCH,gameplay/level_wind
,s32 LevelWind_IsActive,gameplay,,SEMANTIC-MATCH,gameplay/level_wind
,void LevelWind_Reset,gameplay,,SEMANTIC-MATCH,gameplay/level_wind
,void LevelZone_Init,gameplay,,SEMANTIC-MATCH,gameplay/level_zone
,s32 LevelZone_Add,gameplay,,SEMANTIC-MATCH,gameplay/level_zone
,void LevelZone_Update,gameplay,,SEMANTIC-MATCH,gameplay/level_zone
,void LevelZone_Remove,gameplay,,SEMANTIC-MATCH,gameplay/level_zone
,u32 LevelZone_GetCount,gameplay,,SEMANTIC-MATCH,gameplay/level_zone
,void LevelZone_Clear,gameplay,,SEMANTIC-MATCH,gameplay/level_zone
,void LevelZone_Reset,gameplay,,SEMANTIC-MATCH,gameplay/level_zone
,void Life_Init,gameplay,,SEMANTIC-MATCH,gameplay/life
,void Life_Add,gameplay,,SEMANTIC-MATCH,gameplay/life
,void Life_Remove,gameplay,,SEMANTIC-MATCH,gameplay/life
,s32 Life_Get,gameplay,,SEMANTIC-MATCH,gameplay/life
,void Life_Set,gameplay,,SEMANTIC-MATCH,gameplay/life
,s32 Life_IsGameOver,gameplay,,SEMANTIC-MATCH,gameplay/life
,void Life_Reset,gameplay,,SEMANTIC-MATCH,gameplay/life
,void Lighting_Init,gameplay,,SEMANTIC-MATCH,gameplay/lighting
,void Lighting_SetMode,gameplay,,SEMANTIC-MATCH,gameplay/lighting
,void Lighting_SetIntensity,gameplay,,SEMANTIC-MATCH,gameplay/lighting
,void Lighting_Update,gameplay,,SEMANTIC-MATCH,gameplay/lighting
,u32 Lighting_GetMode,gameplay,,SEMANTIC-MATCH,gameplay/lighting
,s32 Lighting_GetIntensity,gameplay,,SEMANTIC-MATCH,gameplay/lighting
,void Lighting_Reset,gameplay,,SEMANTIC-MATCH,gameplay/lighting
,void LivesIcon_Init,gameplay,,SEMANTIC-MATCH,gameplay/lives_icon
,s32 LivesIcon_Add,gameplay,,SEMANTIC-MATCH,gameplay/lives_icon
,void LivesIcon_Update,gameplay,,SEMANTIC-MATCH,gameplay/lives_icon
,void LivesIcon_Draw,gameplay,,SEMANTIC-MATCH,gameplay/lives_icon
,void LivesIcon_Remove,gameplay,,SEMANTIC-MATCH,gameplay/lives_icon
,u32 LivesIcon_GetCount,gameplay,,SEMANTIC-MATCH,gameplay/lives_icon
,void LivesIcon_Clear,gameplay,,SEMANTIC-MATCH,gameplay/lives_icon
,void LivesIcon_Reset,gameplay,,SEMANTIC-MATCH,gameplay/lives_icon
,void Loop_Init,gameplay,,SEMANTIC-MATCH,gameplay/loop_boost
,s32 Loop_CheckEntry,gameplay,,SEMANTIC-MATCH,gameplay/loop_boost
,void Loop_Update,gameplay,,SEMANTIC-MATCH,gameplay/loop_boost
,void Loop_Exit,gameplay,,SEMANTIC-MATCH,gameplay/loop_boost
,s32 Boost_Check,gameplay,,SEMANTIC-MATCH,gameplay/loop_boost
,void Boost_Apply,gameplay,,SEMANTIC-MATCH,gameplay/loop_boost
,void Magnet_Init,gameplay,,SEMANTIC-MATCH,gameplay/magnet
,s32 Magnet_Add,gameplay,,SEMANTIC-MATCH,gameplay/magnet
,void Magnet_Update,gameplay,,SEMANTIC-MATCH,gameplay/magnet
,void Magnet_Remove,gameplay,,SEMANTIC-MATCH,gameplay/magnet
,u32 Magnet_GetCount,gameplay,,SEMANTIC-MATCH,gameplay/magnet
,void Magnet_Clear,gameplay,,SEMANTIC-MATCH,gameplay/magnet
,void Magnet_Reset,gameplay,,SEMANTIC-MATCH,gameplay/magnet
,void MenuBg_Init,gameplay,,SEMANTIC-MATCH,gameplay/menu_bg
,void MenuBg_Start,gameplay,,SEMANTIC-MATCH,gameplay/menu_bg
,void MenuBg_Stop,gameplay,,SEMANTIC-MATCH,gameplay/menu_bg
,void MenuBg_Update,gameplay,,SEMANTIC-MATCH,gameplay/menu_bg
,s32 MenuBg_IsActive,gameplay,,SEMANTIC-MATCH,gameplay/menu_bg
,void MenuBg_Reset,gameplay,,SEMANTIC-MATCH,gameplay/menu_bg
,void MenuCursor_Init,gameplay,,SEMANTIC-MATCH,gameplay/menu_cursor
,s32 MenuCursor_Add,gameplay,,SEMANTIC-MATCH,gameplay/menu_cursor
,void MenuCursor_Update,gameplay,,SEMANTIC-MATCH,gameplay/menu_cursor
,void MenuCursor_Draw,gameplay,,SEMANTIC-MATCH,gameplay/menu_cursor
,void MenuCursor_Remove,gameplay,,SEMANTIC-MATCH,gameplay/menu_cursor
,u32 MenuCursor_GetCount,gameplay,,SEMANTIC-MATCH,gameplay/menu_cursor
,void MenuCursor_Clear,gameplay,,SEMANTIC-MATCH,gameplay/menu_cursor
,void MenuCursor_Reset,gameplay,,SEMANTIC-MATCH,gameplay/menu_cursor
,void MenuScroll_Init,gameplay,,SEMANTIC-MATCH,gameplay/menu_scroll
,void MenuScroll_SetTarget,gameplay,,SEMANTIC-MATCH,gameplay/menu_scroll
,void MenuScroll_SetSpeed,gameplay,,SEMANTIC-MATCH,gameplay/menu_scroll
,void MenuScroll_Update,gameplay,,SEMANTIC-MATCH,gameplay/menu_scroll
,s32 MenuScroll_GetOffset,gameplay,,SEMANTIC-MATCH,gameplay/menu_scroll
,s32 MenuScroll_IsMoving,gameplay,,SEMANTIC-MATCH,gameplay/menu_scroll
,void MenuScroll_Reset,gameplay,,SEMANTIC-MATCH,gameplay/menu_scroll
,void MenuText_Init,gameplay,,SEMANTIC-MATCH,gameplay/menu_text
,s32 MenuText_Add,gameplay,,SEMANTIC-MATCH,gameplay/menu_text
,void MenuText_Update,gameplay,,SEMANTIC-MATCH,gameplay/menu_text
,void MenuText_Draw,gameplay,,SEMANTIC-MATCH,gameplay/menu_text
,void MenuText_SetText,gameplay,,SEMANTIC-MATCH,gameplay/menu_text
,void MenuText_Remove,gameplay,,SEMANTIC-MATCH,gameplay/menu_text
,u32 MenuText_GetCount,gameplay,,SEMANTIC-MATCH,gameplay/menu_text
,void MenuText_Clear,gameplay,,SEMANTIC-MATCH,gameplay/menu_text
,void MenuText_Reset,gameplay,,SEMANTIC-MATCH,gameplay/menu_text
,void MissionComplete_Init,gameplay,,SEMANTIC-MATCH,gameplay/mission_complete
,void MissionComplete_Start,gameplay,,SEMANTIC-MATCH,gameplay/mission_complete
,s32 MissionComplete_Update,gameplay,,SEMANTIC-MATCH,gameplay/mission_complete
,void MissionComplete_Draw,gameplay,,SEMANTIC-MATCH,gameplay/mission_complete
,void MissionComplete_Skip,gameplay,,SEMANTIC-MATCH,gameplay/mission_complete
,u32 MissionComplete_GetState,gameplay,,SEMANTIC-MATCH,gameplay/mission_complete
,u32 MissionComplete_GetTimer,gameplay,,SEMANTIC-MATCH,gameplay/mission_complete
,void MissionComplete_Reset,gameplay,,SEMANTIC-MATCH,gameplay/mission_complete
,void MissionEval_Init,gameplay,,SEMANTIC-MATCH,gameplay/mission_eval
,s32 MissionEval_Add,gameplay,,SEMANTIC-MATCH,gameplay/mission_eval
,void MissionEval_Update,gameplay,,SEMANTIC-MATCH,gameplay/mission_eval
,s32 MissionEval_AllMet,gameplay,,SEMANTIC-MATCH,gameplay/mission_eval
,u32 MissionEval_GetCount,gameplay,,SEMANTIC-MATCH,gameplay/mission_eval
,void MissionEval_Clear,gameplay,,SEMANTIC-MATCH,gameplay/mission_eval
,void MissionEval_Reset,gameplay,,SEMANTIC-MATCH,gameplay/mission_eval
,void MissionFail_Init,gameplay,,SEMANTIC-MATCH,gameplay/mission_fail
,void MissionFail_Start,gameplay,,SEMANTIC-MATCH,gameplay/mission_fail
,s32 MissionFail_Update,gameplay,,SEMANTIC-MATCH,gameplay/mission_fail
,void MissionFail_Draw,gameplay,,SEMANTIC-MATCH,gameplay/mission_fail
,void MissionFail_Skip,gameplay,,SEMANTIC-MATCH,gameplay/mission_fail
,u32 MissionFail_GetState,gameplay,,SEMANTIC-MATCH,gameplay/mission_fail
,u32 MissionFail_GetTimer,gameplay,,SEMANTIC-MATCH,gameplay/mission_fail
,void MissionFail_Reset,gameplay,,SEMANTIC-MATCH,gameplay/mission_fail
,void ModeState_Init,gameplay,,SEMANTIC-MATCH,gameplay/mode_state
,void ModeState_Set,gameplay,,SEMANTIC-MATCH,gameplay/mode_state
,u32 ModeState_Get,gameplay,,SEMANTIC-MATCH,gameplay/mode_state
,u32 ModeState_GetPrev,gameplay,,SEMANTIC-MATCH,gameplay/mode_state
,void ModeState_Update,gameplay,,SEMANTIC-MATCH,gameplay/mode_state
,void ModeState_Reset,gameplay,,SEMANTIC-MATCH,gameplay/mode_state
,void MomentumZone_Init,gameplay,,SEMANTIC-MATCH,gameplay/momentum_zone
,s32 MomentumZone_Add,gameplay,,SEMANTIC-MATCH,gameplay/momentum_zone
,void MomentumZone_Update,gameplay,,SEMANTIC-MATCH,gameplay/momentum_zone
,void MomentumZone_Remove,gameplay,,SEMANTIC-MATCH,gameplay/momentum_zone
,u32 MomentumZone_GetCount,gameplay,,SEMANTIC-MATCH,gameplay/momentum_zone
,void MomentumZone_Clear,gameplay,,SEMANTIC-MATCH,gameplay/momentum_zone
,void MomentumZone_Reset,gameplay,,SEMANTIC-MATCH,gameplay/momentum_zone
,void MovePlat_Init,gameplay,,SEMANTIC-MATCH,gameplay/move_plat
,s32 MovePlat_Add,gameplay,,SEMANTIC-MATCH,gameplay/move_plat
,void MovePlat_Update,gameplay,,SEMANTIC-MATCH,gameplay/move_plat
,void MovePlat_Remove,gameplay,,SEMANTIC-MATCH,gameplay/move_plat
,u32 MovePlat_GetCount,gameplay,,SEMANTIC-MATCH,gameplay/move_plat
,void MovePlat_Clear,gameplay,,SEMANTIC-MATCH,gameplay/move_plat
,void MovePlat_Reset,gameplay,,SEMANTIC-MATCH,gameplay/move_plat
,void MovingPlatform_Update,gameplay,,SEMANTIC-MATCH,gameplay/moving_platform
,void MovingPlatform_MoveForward,gameplay,,SEMANTIC-MATCH,gameplay/moving_platform
,void MovingPlatform_MoveBackward,gameplay,,SEMANTIC-MATCH,gameplay/moving_platform
,s32 MovingPlatform_CheckEndpoint,gameplay,,SEMANTIC-MATCH,gameplay/moving_platform
,s32 MovingPlatform_CheckStartpoint,gameplay,,SEMANTIC-MATCH,gameplay/moving_platform
,void MovingPlatform_UpdatePlayer,gameplay,,SEMANTIC-MATCH,gameplay/moving_platform
,void MsgDisp_Init,gameplay,,SEMANTIC-MATCH,gameplay/msg_disp
,void MsgDisp_Start,gameplay,,SEMANTIC-MATCH,gameplay/msg_disp
,s32 MsgDisp_Update,gameplay,,SEMANTIC-MATCH,gameplay/msg_disp
,void MsgDisp_Draw,gameplay,,SEMANTIC-MATCH,gameplay/msg_disp
,void MsgDisp_Skip,gameplay,,SEMANTIC-MATCH,gameplay/msg_disp
,u32 MsgDisp_GetState,gameplay,,SEMANTIC-MATCH,gameplay/msg_disp
,void MsgDisp_Reset,gameplay,,SEMANTIC-MATCH,gameplay/msg_disp
,void MusicHelper_Init,gameplay,,SEMANTIC-MATCH,gameplay/music_helper
,void MusicHelper_Play,gameplay,,SEMANTIC-MATCH,gameplay/music_helper
,void MusicHelper_Fade,gameplay,,SEMANTIC-MATCH,gameplay/music_helper
,void MusicHelper_Update,gameplay,,SEMANTIC-MATCH,gameplay/music_helper
,u32 MusicHelper_GetCurrent,gameplay,,SEMANTIC-MATCH,gameplay/music_helper
,void MusicHelper_Stop,gameplay,,SEMANTIC-MATCH,gameplay/music_helper
,void MusicHelper_Reset,gameplay,,SEMANTIC-MATCH,gameplay/music_helper
,void MusicTrigger_Init,gameplay,,SEMANTIC-MATCH,gameplay/music_trigger
,s32 MusicTrigger_Add,gameplay,,SEMANTIC-MATCH,gameplay/music_trigger
,void MusicTrigger_Update,gameplay,,SEMANTIC-MATCH,gameplay/music_trigger
,void MusicTrigger_Remove,gameplay,,SEMANTIC-MATCH,gameplay/music_trigger
,u32 MusicTrigger_GetCount,gameplay,,SEMANTIC-MATCH,gameplay/music_trigger
,void MusicTrigger_Clear,gameplay,,SEMANTIC-MATCH,gameplay/music_trigger
,void MusicTrigger_Reset,gameplay,,SEMANTIC-MATCH,gameplay/music_trigger
,void OamHelper_Init,gameplay,,SEMANTIC-MATCH,gameplay/oam_helper
,void OamHelper_AddSprite,gameplay,,SEMANTIC-MATCH,gameplay/oam_helper
,void OamHelper_Draw,gameplay,,SEMANTIC-MATCH,gameplay/oam_helper
,void OamHelper_Clear,gameplay,,SEMANTIC-MATCH,gameplay/oam_helper
,u32 OamHelper_GetCount,gameplay,,SEMANTIC-MATCH,gameplay/oam_helper
,void OamHelper_Reset,gameplay,,SEMANTIC-MATCH,gameplay/oam_helper
,void ObjBehavior_Init,gameplay,,SEMANTIC-MATCH,gameplay/obj_behavior
,s32 ObjBehavior_Add,gameplay,,SEMANTIC-MATCH,gameplay/obj_behavior
,void ObjBehavior_Update,gameplay,,SEMANTIC-MATCH,gameplay/obj_behavior
,void ObjBehavior_Remove,gameplay,,SEMANTIC-MATCH,gameplay/obj_behavior
,u32 ObjBehavior_GetCount,gameplay,,SEMANTIC-MATCH,gameplay/obj_behavior
,void ObjBehavior_Clear,gameplay,,SEMANTIC-MATCH,gameplay/obj_behavior
,void ObjBehavior_Reset,gameplay,,SEMANTIC-MATCH,gameplay/obj_behavior
,void ObjListMgr_Init,gameplay,,SEMANTIC-MATCH,gameplay/objlist_mgr
,s32 ObjListMgr_Add,gameplay,,SEMANTIC-MATCH,gameplay/objlist_mgr
,void ObjListMgr_Remove,gameplay,,SEMANTIC-MATCH,gameplay/objlist_mgr
,void ObjListMgr_Update,gameplay,,SEMANTIC-MATCH,gameplay/objlist_mgr
,void ObjListMgr_Draw,gameplay,,SEMANTIC-MATCH,gameplay/objlist_mgr
,s32 ObjListMgr_GetX,gameplay,,SEMANTIC-MATCH,gameplay/objlist_mgr
,s32 ObjListMgr_GetY,gameplay,,SEMANTIC-MATCH,gameplay/objlist_mgr
,u32 ObjListMgr_GetType,gameplay,,SEMANTIC-MATCH,gameplay/objlist_mgr
,u32 ObjListMgr_GetCount,gameplay,,SEMANTIC-MATCH,gameplay/objlist_mgr
,s32 ObjListMgr_IsActive,gameplay,,SEMANTIC-MATCH,gameplay/objlist_mgr
,void ObjListMgr_Clear,gameplay,,SEMANTIC-MATCH,gameplay/objlist_mgr
,void ObjListMgr_Reset,gameplay,,SEMANTIC-MATCH,gameplay/objlist_mgr
,void ObjRender_Init,gameplay,,SEMANTIC-MATCH,gameplay/obj_render
,s32 ObjRender_Add,gameplay,,SEMANTIC-MATCH,gameplay/obj_render
,void ObjRender_Update,gameplay,,SEMANTIC-MATCH,gameplay/obj_render
,void ObjRender_Remove,gameplay,,SEMANTIC-MATCH,gameplay/obj_render
,u32 ObjRender_GetCount,gameplay,,SEMANTIC-MATCH,gameplay/obj_render
,void ObjRender_Clear,gameplay,,SEMANTIC-MATCH,gameplay/obj_render
,void ObjRender_Reset,gameplay,,SEMANTIC-MATCH,gameplay/obj_render
,void ObjSpawner_Init,gameplay,,SEMANTIC-MATCH,gameplay/obj_spawner
,s32 ObjSpawner_Add,gameplay,,SEMANTIC-MATCH,gameplay/obj_spawner
,void ObjSpawner_Update,gameplay,,SEMANTIC-MATCH,gameplay/obj_spawner
,void ObjSpawner_Remove,gameplay,,SEMANTIC-MATCH,gameplay/obj_spawner
,u32 ObjSpawner_GetCount,gameplay,,SEMANTIC-MATCH,gameplay/obj_spawner
,void ObjSpawner_Clear,gameplay,,SEMANTIC-MATCH,gameplay/obj_spawner
,void ObjSpawner_Reset,gameplay,,SEMANTIC-MATCH,gameplay/obj_spawner
,void OverlayZone_Init,gameplay,,SEMANTIC-MATCH,gameplay/overlay_zone
,s32 OverlayZone_Add,gameplay,,SEMANTIC-MATCH,gameplay/overlay_zone
,void OverlayZone_Update,gameplay,,SEMANTIC-MATCH,gameplay/overlay_zone
,void OverlayZone_Remove,gameplay,,SEMANTIC-MATCH,gameplay/overlay_zone
,u32 OverlayZone_GetCount,gameplay,,SEMANTIC-MATCH,gameplay/overlay_zone
,void OverlayZone_Clear,gameplay,,SEMANTIC-MATCH,gameplay/overlay_zone
,void OverlayZone_Reset,gameplay,,SEMANTIC-MATCH,gameplay/overlay_zone
,void PalCycle_Init,gameplay,,SEMANTIC-MATCH,gameplay/pal_cycle
,s32 PalCycle_Add,gameplay,,SEMANTIC-MATCH,gameplay/pal_cycle
,void PalCycle_Update,gameplay,,SEMANTIC-MATCH,gameplay/pal_cycle
,void PalCycle_Remove,gameplay,,SEMANTIC-MATCH,gameplay/pal_cycle
,u32 PalCycle_GetCount,gameplay,,SEMANTIC-MATCH,gameplay/pal_cycle
,s32 PalCycle_IsActive,gameplay,,SEMANTIC-MATCH,gameplay/pal_cycle
,void PalCycle_Clear,gameplay,,SEMANTIC-MATCH,gameplay/pal_cycle
,void PalCycle_Reset,gameplay,,SEMANTIC-MATCH,gameplay/pal_cycle
,void PalFade_Init,gameplay,,SEMANTIC-MATCH,gameplay/pal_fade
,void PalFade_Start,gameplay,,SEMANTIC-MATCH,gameplay/pal_fade
,void PalFade_Stop,gameplay,,SEMANTIC-MATCH,gameplay/pal_fade
,void PalFade_Update,gameplay,,SEMANTIC-MATCH,gameplay/pal_fade
,s32 PalFade_IsActive,gameplay,,SEMANTIC-MATCH,gameplay/pal_fade
,void PalFade_Reset,gameplay,,SEMANTIC-MATCH,gameplay/pal_fade
,void Parallax_Init,gameplay,,SEMANTIC-MATCH,gameplay/parallax
,void Parallax_Set,gameplay,,SEMANTIC-MATCH,gameplay/parallax
,void Parallax_Update,gameplay,,SEMANTIC-MATCH,gameplay/parallax
,void Parallax_Reset,gameplay,,SEMANTIC-MATCH,gameplay/parallax
,void ParallaxZone_Init,gameplay,,SEMANTIC-MATCH,gameplay/parallax_zone
,s32 ParallaxZone_Add,gameplay,,SEMANTIC-MATCH,gameplay/parallax_zone
,void ParallaxZone_Update,gameplay,,SEMANTIC-MATCH,gameplay/parallax_zone
,void ParallaxZone_Remove,gameplay,,SEMANTIC-MATCH,gameplay/parallax_zone
,u32 ParallaxZone_GetCount,gameplay,,SEMANTIC-MATCH,gameplay/parallax_zone
,s32 ParallaxZone_IsActive,gameplay,,SEMANTIC-MATCH,gameplay/parallax_zone
,void ParallaxZone_Clear,gameplay,,SEMANTIC-MATCH,gameplay/parallax_zone
,void ParallaxZone_Reset,gameplay,,SEMANTIC-MATCH,gameplay/parallax_zone
,void Particle_Spawn,gameplay,,SEMANTIC-MATCH,gameplay/particle
,void Particle_Update,gameplay,,SEMANTIC-MATCH,gameplay/particle
,void Particle_Draw,gameplay,,SEMANTIC-MATCH,gameplay/particle
,void PathFollow_Update,gameplay,,SEMANTIC-MATCH,gameplay/path_follow
,s32 PathFollow_CheckPlayer,gameplay,,SEMANTIC-MATCH,gameplay/path_follow
,void PathFollow_MoveAlongPath,gameplay,,SEMANTIC-MATCH,gameplay/path_follow
,void PathFollow_End,gameplay,,SEMANTIC-MATCH,gameplay/path_follow
,void PathFollow_Init,gameplay,,SEMANTIC-MATCH,gameplay/path_follow
,void PathPlat_Init,gameplay,,SEMANTIC-MATCH,gameplay/path_plat
,s32 PathPlat_Add,gameplay,,SEMANTIC-MATCH,gameplay/path_plat
,void PathPlat_Update,gameplay,,SEMANTIC-MATCH,gameplay/path_plat
,void PathPlat_Remove,gameplay,,SEMANTIC-MATCH,gameplay/path_plat
,u32 PathPlat_GetCount,gameplay,,SEMANTIC-MATCH,gameplay/path_plat
,void PathPlat_Clear,gameplay,,SEMANTIC-MATCH,gameplay/path_plat
,void PathPlat_Reset,gameplay,,SEMANTIC-MATCH,gameplay/path_plat
,void PauseScreen_Init,gameplay,,SEMANTIC-MATCH,gameplay/pause_screen
,void PauseScreen_Show,gameplay,,SEMANTIC-MATCH,gameplay/pause_screen
,void PauseScreen_Hide,gameplay,,SEMANTIC-MATCH,gameplay/pause_screen
,s32 PauseScreen_Update,gameplay,,SEMANTIC-MATCH,gameplay/pause_screen
,void PauseScreen_Draw,gameplay,,SEMANTIC-MATCH,gameplay/pause_screen
,s32 PauseScreen_IsVisible,gameplay,,SEMANTIC-MATCH,gameplay/pause_screen
,u32 PauseScreen_GetSelection,gameplay,,SEMANTIC-MATCH,gameplay/pause_screen
,void PauseScreen_Reset,gameplay,,SEMANTIC-MATCH,gameplay/pause_screen
,void PipeEntry_Init,gameplay,,SEMANTIC-MATCH,gameplay/pipe_entry
,s32 PipeEntry_Add,gameplay,,SEMANTIC-MATCH,gameplay/pipe_entry
,void PipeEntry_Update,gameplay,,SEMANTIC-MATCH,gameplay/pipe_entry
,void PipeEntry_Remove,gameplay,,SEMANTIC-MATCH,gameplay/pipe_entry
,u32 PipeEntry_GetCount,gameplay,,SEMANTIC-MATCH,gameplay/pipe_entry
,void PipeEntry_Clear,gameplay,,SEMANTIC-MATCH,gameplay/pipe_entry
,void PipeEntry_Reset,gameplay,,SEMANTIC-MATCH,gameplay/pipe_entry
,void PlayerAttacker_Init,gameplay,,SEMANTIC-MATCH,gameplay/player_attacker
,void PlayerAttacker_Update,gameplay,,SEMANTIC-MATCH,gameplay/player_attacker
,s32 PlayerAttacker_IsActive,gameplay,,SEMANTIC-MATCH,gameplay/player_attacker
,s32 PlayerAttacker_GetX,gameplay,,SEMANTIC-MATCH,gameplay/player_attacker
,s32 PlayerAttacker_GetY,gameplay,,SEMANTIC-MATCH,gameplay/player_attacker
,s32 PlayerAttacker_GetRadius,gameplay,,SEMANTIC-MATCH,gameplay/player_attacker
,s32 PlayerAttacker_TestHit,gameplay,,SEMANTIC-MATCH,gameplay/player_attacker
,void PlayerAttacker_Reset,gameplay,,SEMANTIC-MATCH,gameplay/player_attacker
,void PlayerPhysics_Init,gameplay,,SEMANTIC-MATCH,gameplay/player_physics
,void PlayerPhysics_Update,gameplay,,SEMANTIC-MATCH,gameplay/player_physics
,void PlayerPhysics_SetGravity,gameplay,,SEMANTIC-MATCH,gameplay/player_physics
,s32 PlayerPhysics_GetGravity,gameplay,,SEMANTIC-MATCH,gameplay/player_physics
,void PlayerPhysics_SetMaxVY,gameplay,,SEMANTIC-MATCH,gameplay/player_physics
,void PlayerPhysics_Reset,gameplay,,SEMANTIC-MATCH,gameplay/player_physics
,void Popup_Start,gameplay,,SEMANTIC-MATCH,gameplay/popup
,s32 Popup_Update,gameplay,,SEMANTIC-MATCH,gameplay/popup
,void Popup_Skip,gameplay,,SEMANTIC-MATCH,gameplay/popup
,u32 Popup_GetState,gameplay,,SEMANTIC-MATCH,gameplay/popup
,void Popup_Reset,gameplay,,SEMANTIC-MATCH,gameplay/popup
,void PowerUp_Init,gameplay,,SEMANTIC-MATCH,gameplay/powerup
,s32 PowerUp_Spawn,gameplay,,SEMANTIC-MATCH,gameplay/powerup
,void PowerUp_Remove,gameplay,,SEMANTIC-MATCH,gameplay/powerup
,s32 PowerUp_Check,gameplay,,SEMANTIC-MATCH,gameplay/powerup
,void PowerUp_Collect,gameplay,,SEMANTIC-MATCH,gameplay/powerup
,void PowerUp_Update,gameplay,,SEMANTIC-MATCH,gameplay/powerup
,u32 PowerUp_GetType,gameplay,,SEMANTIC-MATCH,gameplay/powerup
,s32 PowerUp_IsActive,gameplay,,SEMANTIC-MATCH,gameplay/powerup
,u32 PowerUp_GetPlayerType,gameplay,,SEMANTIC-MATCH,gameplay/powerup
,void PowerUp_SetPlayerType,gameplay,,SEMANTIC-MATCH,gameplay/powerup
,u32 PowerUp_GetTimer,gameplay,,SEMANTIC-MATCH,gameplay/powerup
,void PowerUp_UpdatePlayer,gameplay,,SEMANTIC-MATCH,gameplay/powerup
,u32 PowerUp_GetCount,gameplay,,SEMANTIC-MATCH,gameplay/powerup
,void PowerUp_Clear,gameplay,,SEMANTIC-MATCH,gameplay/powerup
,void PowerUp_Reset,gameplay,,SEMANTIC-MATCH,gameplay/powerup
,void PowerupHelper_Init,gameplay,,SEMANTIC-MATCH,gameplay/powerup_helper
,void PowerupHelper_Give,gameplay,,SEMANTIC-MATCH,gameplay/powerup_helper
,void PowerupHelper_Update,gameplay,,SEMANTIC-MATCH,gameplay/powerup_helper
,void PowerupHelper_Remove,gameplay,,SEMANTIC-MATCH,gameplay/powerup_helper
,s32 PowerupHelper_IsActive,gameplay,,SEMANTIC-MATCH,gameplay/powerup_helper
,u32 PowerupHelper_GetType,gameplay,,SEMANTIC-MATCH,gameplay/powerup_helper
,s32 PowerupHelper_GetTimer,gameplay,,SEMANTIC-MATCH,gameplay/powerup_helper
,void PowerupHelper_Reset,gameplay,,SEMANTIC-MATCH,gameplay/powerup_helper
,void PushBlock_Init,gameplay,,SEMANTIC-MATCH,gameplay/push_block
,s32 PushBlock_Add,gameplay,,SEMANTIC-MATCH,gameplay/push_block
,void PushBlock_Update,gameplay,,SEMANTIC-MATCH,gameplay/push_block
,void PushBlock_Remove,gameplay,,SEMANTIC-MATCH,gameplay/push_block
,u32 PushBlock_GetCount,gameplay,,SEMANTIC-MATCH,gameplay/push_block
,void PushBlock_Clear,gameplay,,SEMANTIC-MATCH,gameplay/push_block
,void PushBlock_Reset,gameplay,,SEMANTIC-MATCH,gameplay/push_block
,void QuitSeq_Init,gameplay,,SEMANTIC-MATCH,gameplay/quit_seq
,void QuitSeq_Start,gameplay,,SEMANTIC-MATCH,gameplay/quit_seq
,s32 QuitSeq_Update,gameplay,,SEMANTIC-MATCH,gameplay/quit_seq
,void QuitSeq_Draw,gameplay,,SEMANTIC-MATCH,gameplay/quit_seq
,u32 QuitSeq_GetState,gameplay,,SEMANTIC-MATCH,gameplay/quit_seq
,u32 QuitSeq_GetTimer,gameplay,,SEMANTIC-MATCH,gameplay/quit_seq
,void QuitSeq_Reset,gameplay,,SEMANTIC-MATCH,gameplay/quit_seq
,void RailGrind_Init,gameplay,,SEMANTIC-MATCH,gameplay/rail_grind
,void RailGrind_Update,gameplay,,SEMANTIC-MATCH,gameplay/rail_grind
,void RailGrind_End,gameplay,,SEMANTIC-MATCH,gameplay/rail_grind
,s32 RailGrind_CheckEntry,gameplay,,SEMANTIC-MATCH,gameplay/rail_grind
,s32 RailGrind_GetAngle,gameplay,,SEMANTIC-MATCH,gameplay/rail_grind
,void RailGrindSpark_Init,gameplay,,SEMANTIC-MATCH,gameplay/rail_grind_spark
,s32 RailGrindSpark_Spawn,gameplay,,SEMANTIC-MATCH,gameplay/rail_grind_spark
,void RailGrindSpark_Update,gameplay,,SEMANTIC-MATCH,gameplay/rail_grind_spark
,void RailGrindSpark_Draw,gameplay,,SEMANTIC-MATCH,gameplay/rail_grind_spark
,void RailGrindSpark_Remove,gameplay,,SEMANTIC-MATCH,gameplay/rail_grind_spark
,u32 RailGrindSpark_GetCount,gameplay,,SEMANTIC-MATCH,gameplay/rail_grind_spark
,s32 RailGrindSpark_IsActive,gameplay,,SEMANTIC-MATCH,gameplay/rail_grind_spark
,void RailGrindSpark_SpawnBurst,gameplay,,SEMANTIC-MATCH,gameplay/rail_grind_spark
,void RailGrindSpark_Clear,gameplay,,SEMANTIC-MATCH,gameplay/rail_grind_spark
,void Rail_Init,gameplay,,SEMANTIC-MATCH,gameplay/rail_pipe
,s32 Rail_CheckEntry,gameplay,,SEMANTIC-MATCH,gameplay/rail_pipe
,void Rail_Update,gameplay,,SEMANTIC-MATCH,gameplay/rail_pipe
,void Rail_Exit,gameplay,,SEMANTIC-MATCH,gameplay/rail_pipe
,void Pipe_Init,gameplay,,SEMANTIC-MATCH,gameplay/rail_pipe
,void Pipe_Update,gameplay,,SEMANTIC-MATCH,gameplay/rail_pipe
,void RailSeg_Init,gameplay,,SEMANTIC-MATCH,gameplay/rail_seg
,s32 RailSeg_Add,gameplay,,SEMANTIC-MATCH,gameplay/rail_seg
,void RailSeg_Remove,gameplay,,SEMANTIC-MATCH,gameplay/rail_seg
,s32 RailSeg_GetX1,gameplay,,SEMANTIC-MATCH,gameplay/rail_seg
,s32 RailSeg_GetY1,gameplay,,SEMANTIC-MATCH,gameplay/rail_seg
,s32 RailSeg_GetX2,gameplay,,SEMANTIC-MATCH,gameplay/rail_seg
,s32 RailSeg_GetY2,gameplay,,SEMANTIC-MATCH,gameplay/rail_seg
,s32 RailSeg_Nearest,gameplay,,SEMANTIC-MATCH,gameplay/rail_seg
,u32 RailSeg_GetCount,gameplay,,SEMANTIC-MATCH,gameplay/rail_seg
,void RailSeg_Clear,gameplay,,SEMANTIC-MATCH,gameplay/rail_seg
,void RailSeg_Reset,gameplay,,SEMANTIC-MATCH,gameplay/rail_seg
,void Rank_Init,gameplay,,SEMANTIC-MATCH,gameplay/rank
,void Rank_Update,gameplay,,SEMANTIC-MATCH,gameplay/rank
,u32 Rank_Calculate,gameplay,,SEMANTIC-MATCH,gameplay/rank
,void Rank_UpdateMultiplier,gameplay,,SEMANTIC-MATCH,gameplay/rank
,void Rank_AddCombo,gameplay,,SEMANTIC-MATCH,gameplay/rank
,void Rank_ResetCombo,gameplay,,SEMANTIC-MATCH,gameplay/rank
,void RankHelper_Init,gameplay,,SEMANTIC-MATCH,gameplay/rank_helper
,u32 RankHelper_Calculate,gameplay,,SEMANTIC-MATCH,gameplay/rank_helper
,u32 RankHelper_GetRank,gameplay,,SEMANTIC-MATCH,gameplay/rank_helper
,char RankHelper_GetRankLetter,gameplay,,SEMANTIC-MATCH,gameplay/rank_helper
,u32 RankHelper_GetRankColor,gameplay,,SEMANTIC-MATCH,gameplay/rank_helper
,u32 RankHelper_GetRankScore,gameplay,,SEMANTIC-MATCH,gameplay/rank_helper
,u32 RankHelper_GetRankTime,gameplay,,SEMANTIC-MATCH,gameplay/rank_helper
,s32 RankHelper_IsBetterRank,gameplay,,SEMANTIC-MATCH,gameplay/rank_helper
,void RankHelper_Update,gameplay,,SEMANTIC-MATCH,gameplay/rank_helper
,u32 RankHelper_GetCurrent,gameplay,,SEMANTIC-MATCH,gameplay/rank_helper
,void RankHelper_Reset,gameplay,,SEMANTIC-MATCH,gameplay/rank_helper
,void Respawn_Init,gameplay,,SEMANTIC-MATCH,gameplay/respawn
,void Respawn_Set,gameplay,,SEMANTIC-MATCH,gameplay/respawn
,void Respawn_Get,gameplay,,SEMANTIC-MATCH,gameplay/respawn
,s32 Respawn_IsActive,gameplay,,SEMANTIC-MATCH,gameplay/respawn
,void Respawn_Clear,gameplay,,SEMANTIC-MATCH,gameplay/respawn
,s32 Respawn_GetX,gameplay,,SEMANTIC-MATCH,gameplay/respawn
,s32 Respawn_GetY,gameplay,,SEMANTIC-MATCH,gameplay/respawn
,void Respawn_SetX,gameplay,,SEMANTIC-MATCH,gameplay/respawn
,void Respawn_SetY,gameplay,,SEMANTIC-MATCH,gameplay/respawn
,void Respawn_Reset,gameplay,,SEMANTIC-MATCH,gameplay/respawn
,void RespawnPt_Init,gameplay,,SEMANTIC-MATCH,gameplay/respawn_pt
,s32 RespawnPt_Add,gameplay,,SEMANTIC-MATCH,gameplay/respawn_pt
,void RespawnPt_SetCurrent,gameplay,,SEMANTIC-MATCH,gameplay/respawn_pt
,s32 RespawnPt_GetX,gameplay,,SEMANTIC-MATCH,gameplay/respawn_pt
,s32 RespawnPt_GetY,gameplay,,SEMANTIC-MATCH,gameplay/respawn_pt
,void RespawnPt_Remove,gameplay,,SEMANTIC-MATCH,gameplay/respawn_pt
,u32 RespawnPt_GetCount,gameplay,,SEMANTIC-MATCH,gameplay/respawn_pt
,void RespawnPt_Clear,gameplay,,SEMANTIC-MATCH,gameplay/respawn_pt
,void RespawnPt_Reset,gameplay,,SEMANTIC-MATCH,gameplay/respawn_pt
,void Results_CalculateScore,gameplay,,SEMANTIC-MATCH,gameplay/results
,void ResultTally_Init,gameplay,,SEMANTIC-MATCH,gameplay/result_tally
,void ResultTally_Start,gameplay,,SEMANTIC-MATCH,gameplay/result_tally
,s32 ResultTally_Update,gameplay,,SEMANTIC-MATCH,gameplay/result_tally
,void ResultTally_Draw,gameplay,,SEMANTIC-MATCH,gameplay/result_tally
,void ResultTally_Skip,gameplay,,SEMANTIC-MATCH,gameplay/result_tally
,u32 ResultTally_GetState,gameplay,,SEMANTIC-MATCH,gameplay/result_tally
,u32 ResultTally_GetTimer,gameplay,,SEMANTIC-MATCH,gameplay/result_tally
,void ResultTally_Reset,gameplay,,SEMANTIC-MATCH,gameplay/result_tally
,void RingAnim_Init,gameplay,,SEMANTIC-MATCH,gameplay/ring_anim
,s32 RingAnim_Add,gameplay,,SEMANTIC-MATCH,gameplay/ring_anim
,void RingAnim_Update,gameplay,,SEMANTIC-MATCH,gameplay/ring_anim
,void RingAnim_Draw,gameplay,,SEMANTIC-MATCH,gameplay/ring_anim
,void RingAnim_Remove,gameplay,,SEMANTIC-MATCH,gameplay/ring_anim
,u32 RingAnim_GetCount,gameplay,,SEMANTIC-MATCH,gameplay/ring_anim
,s32 RingAnim_IsActive,gameplay,,SEMANTIC-MATCH,gameplay/ring_anim
,void RingAnim_Clear,gameplay,,SEMANTIC-MATCH,gameplay/ring_anim
,void RingBonus_Init,gameplay,,SEMANTIC-MATCH,gameplay/ring_bonus
,void RingBonus_Start,gameplay,,SEMANTIC-MATCH,gameplay/ring_bonus
,s32 RingBonus_Update,gameplay,,SEMANTIC-MATCH,gameplay/ring_bonus
,void RingBonus_Draw,gameplay,,SEMANTIC-MATCH,gameplay/ring_bonus
,void RingBonus_Skip,gameplay,,SEMANTIC-MATCH,gameplay/ring_bonus
,u32 RingBonus_GetScore,gameplay,,SEMANTIC-MATCH,gameplay/ring_bonus
,u32 RingBonus_GetState,gameplay,,SEMANTIC-MATCH,gameplay/ring_bonus
,void RingBonus_Reset,gameplay,,SEMANTIC-MATCH,gameplay/ring_bonus
,void RingCollector_Init,gameplay,,SEMANTIC-MATCH,gameplay/ring_collector
,s32 RingCollector_Add,gameplay,,SEMANTIC-MATCH,gameplay/ring_collector
,void RingCollector_Update,gameplay,,SEMANTIC-MATCH,gameplay/ring_collector
,void RingCollector_Remove,gameplay,,SEMANTIC-MATCH,gameplay/ring_collector
,u32 RingCollector_GetCount,gameplay,,SEMANTIC-MATCH,gameplay/ring_collector
,void RingCollector_Clear,gameplay,,SEMANTIC-MATCH,gameplay/ring_collector
,void RingCollector_Reset,gameplay,,SEMANTIC-MATCH,gameplay/ring_collector
,void RingGroup_Init,gameplay,,SEMANTIC-MATCH,gameplay/ring_group
,s32 RingGroup_Add,gameplay,,SEMANTIC-MATCH,gameplay/ring_group
,void RingGroup_Update,gameplay,,SEMANTIC-MATCH,gameplay/ring_group
,void RingGroup_Remove,gameplay,,SEMANTIC-MATCH,gameplay/ring_group
,u32 RingGroup_GetCount,gameplay,,SEMANTIC-MATCH,gameplay/ring_group
,void RingGroup_Clear,gameplay,,SEMANTIC-MATCH,gameplay/ring_group
,void RingGroup_Reset,gameplay,,SEMANTIC-MATCH,gameplay/ring_group
,void RingHelper_Init,gameplay,,SEMANTIC-MATCH,gameplay/ring_helper
,s32 RingHelper_Add,gameplay,,SEMANTIC-MATCH,gameplay/ring_helper
,void RingHelper_Update,gameplay,,SEMANTIC-MATCH,gameplay/ring_helper
,void RingHelper_Remove,gameplay,,SEMANTIC-MATCH,gameplay/ring_helper
,u32 RingHelper_GetCount,gameplay,,SEMANTIC-MATCH,gameplay/ring_helper
,void RingHelper_Clear,gameplay,,SEMANTIC-MATCH,gameplay/ring_helper
,void RingHelper_Reset,gameplay,,SEMANTIC-MATCH,gameplay/ring_helper
,void RingIcon_Init,gameplay,,SEMANTIC-MATCH,gameplay/ring_icon
,s32 RingIcon_Add,gameplay,,SEMANTIC-MATCH,gameplay/ring_icon
,void RingIcon_Update,gameplay,,SEMANTIC-MATCH,gameplay/ring_icon
,void RingIcon_Draw,gameplay,,SEMANTIC-MATCH,gameplay/ring_icon
,void RingIcon_Remove,gameplay,,SEMANTIC-MATCH,gameplay/ring_icon
,u32 RingIcon_GetCount,gameplay,,SEMANTIC-MATCH,gameplay/ring_icon
,void RingIcon_Clear,gameplay,,SEMANTIC-MATCH,gameplay/ring_icon
,void RingIcon_Reset,gameplay,,SEMANTIC-MATCH,gameplay/ring_icon
,void RingLayout_Init,gameplay,,SEMANTIC-MATCH,gameplay/ring_layout
,s32 RingLayout_Add,gameplay,,SEMANTIC-MATCH,gameplay/ring_layout
,void RingLayout_Remove,gameplay,,SEMANTIC-MATCH,gameplay/ring_layout
,s32 RingLayout_Check,gameplay,,SEMANTIC-MATCH,gameplay/ring_layout
,u32 RingLayout_GetPattern,gameplay,,SEMANTIC-MATCH,gameplay/ring_layout
,u32 RingLayout_GetParam,gameplay,,SEMANTIC-MATCH,gameplay/ring_layout
,s32 RingLayout_IsActive,gameplay,,SEMANTIC-MATCH,gameplay/ring_layout
,u32 RingLayout_GetCount,gameplay,,SEMANTIC-MATCH,gameplay/ring_layout
,void RingLayout_Clear,gameplay,,SEMANTIC-MATCH,gameplay/ring_layout
,void RingLayout_Reset,gameplay,,SEMANTIC-MATCH,gameplay/ring_layout
,void RingScatter_Init,gameplay,,SEMANTIC-MATCH,gameplay/ring_scatter
,s32 RingScatter_Spawn,gameplay,,SEMANTIC-MATCH,gameplay/ring_scatter
,void RingScatter_Update,gameplay,,SEMANTIC-MATCH,gameplay/ring_scatter
,void RingScatter_Draw,gameplay,,SEMANTIC-MATCH,gameplay/ring_scatter
,void RingScatter_Clear,gameplay,,SEMANTIC-MATCH,gameplay/ring_scatter
,void RingScatter_Reset,gameplay,,SEMANTIC-MATCH,gameplay/ring_scatter
,void Ring_Collect,gameplay,,SEMANTIC-MATCH,gameplay/ring_score
,void Score_Add,gameplay,,SEMANTIC-MATCH,gameplay/ring_score
,void Ring_LoseAll,gameplay,,SEMANTIC-MATCH,gameplay/ring_score
,u32 Ring_GetCount,gameplay,,SEMANTIC-MATCH,gameplay/ring_score
,u32 Score_Get,gameplay,,SEMANTIC-MATCH,gameplay/ring_score
,void RollTrail_Init,gameplay,,SEMANTIC-MATCH,gameplay/roll_trail
,s32 RollTrail_Spawn,gameplay,,SEMANTIC-MATCH,gameplay/roll_trail
,void RollTrail_Update,gameplay,,SEMANTIC-MATCH,gameplay/roll_trail
,void RollTrail_Draw,gameplay,,SEMANTIC-MATCH,gameplay/roll_trail
,void RollTrail_Remove,gameplay,,SEMANTIC-MATCH,gameplay/roll_trail
,u32 RollTrail_GetCount,gameplay,,SEMANTIC-MATCH,gameplay/roll_trail
,s32 RollTrail_IsActive,gameplay,,SEMANTIC-MATCH,gameplay/roll_trail
,void RollTrail_Clear,gameplay,,SEMANTIC-MATCH,gameplay/roll_trail
,void SaveMgr_Init,gameplay,,SEMANTIC-MATCH,gameplay/save_mgr
,void SaveMgr_Write,gameplay,,SEMANTIC-MATCH,gameplay/save_mgr
,u32 SaveMgr_Read,gameplay,,SEMANTIC-MATCH,gameplay/save_mgr
,void SaveMgr_Flush,gameplay,,SEMANTIC-MATCH,gameplay/save_mgr
,s32 SaveMgr_IsDirty,gameplay,,SEMANTIC-MATCH,gameplay/save_mgr
,void SaveMgr_Clear,gameplay,,SEMANTIC-MATCH,gameplay/save_mgr
,void SaveMgr_Reset,gameplay,,SEMANTIC-MATCH,gameplay/save_mgr
,void ScoreDisplay_Init,gameplay,,SEMANTIC-MATCH,gameplay/score_display
,void ScoreDisplay_SetPosition,gameplay,,SEMANTIC-MATCH,gameplay/score_display
,void ScoreDisplay_Update,gameplay,,SEMANTIC-MATCH,gameplay/score_display
,void ScoreDisplay_Draw,gameplay,,SEMANTIC-MATCH,gameplay/score_display
,void ScoreDisplay_Show,gameplay,,SEMANTIC-MATCH,gameplay/score_display
,void ScoreDisplay_Hide,gameplay,,SEMANTIC-MATCH,gameplay/score_display
,s32 ScoreDisplay_IsVisible,gameplay,,SEMANTIC-MATCH,gameplay/score_display
,u32 ScoreDisplay_GetScore,gameplay,,SEMANTIC-MATCH,gameplay/score_display
,void ScoreDisplay_SetScore,gameplay,,SEMANTIC-MATCH,gameplay/score_display
,void ScoreDisplay_Reset,gameplay,,SEMANTIC-MATCH,gameplay/score_display
,void ScoreHelper_Init,gameplay,,SEMANTIC-MATCH,gameplay/score_helper
,void ScoreHelper_AddBonus,gameplay,,SEMANTIC-MATCH,gameplay/score_helper
,void ScoreHelper_Update,gameplay,,SEMANTIC-MATCH,gameplay/score_helper
,void ScoreHelper_SetMultiplier,gameplay,,SEMANTIC-MATCH,gameplay/score_helper
,u32 ScoreHelper_GetMultiplier,gameplay,,SEMANTIC-MATCH,gameplay/score_helper
,void ScoreHelper_AddTimeBonus,gameplay,,SEMANTIC-MATCH,gameplay/score_helper
,void ScoreHelper_AddRingBonus,gameplay,,SEMANTIC-MATCH,gameplay/score_helper
,void ScoreHelper_AddComboBonus,gameplay,,SEMANTIC-MATCH,gameplay/score_helper
,void ScoreHelper_SpawnPopup,gameplay,,SEMANTIC-MATCH,gameplay/score_helper
,u32 ScoreHelper_GetTimer,gameplay,,SEMANTIC-MATCH,gameplay/score_helper
,void ScoreHelper_Reset,gameplay,,SEMANTIC-MATCH,gameplay/score_helper
,void ScoreIcon_Init,gameplay,,SEMANTIC-MATCH,gameplay/score_icon
,s32 ScoreIcon_Add,gameplay,,SEMANTIC-MATCH,gameplay/score_icon
,void ScoreIcon_Update,gameplay,,SEMANTIC-MATCH,gameplay/score_icon
,void ScoreIcon_Draw,gameplay,,SEMANTIC-MATCH,gameplay/score_icon
,void ScoreIcon_Remove,gameplay,,SEMANTIC-MATCH,gameplay/score_icon
,u32 ScoreIcon_GetCount,gameplay,,SEMANTIC-MATCH,gameplay/score_icon
,void ScoreIcon_Clear,gameplay,,SEMANTIC-MATCH,gameplay/score_icon
,void ScoreIcon_Reset,gameplay,,SEMANTIC-MATCH,gameplay/score_icon
,void ScoreMult_Init,gameplay,,SEMANTIC-MATCH,gameplay/score_mult
,void ScoreMult_Set,gameplay,,SEMANTIC-MATCH,gameplay/score_mult
,void ScoreMult_Update,gameplay,,SEMANTIC-MATCH,gameplay/score_mult
,u32 ScoreMult_Get,gameplay,,SEMANTIC-MATCH,gameplay/score_mult
,u32 ScoreMult_GetTimer,gameplay,,SEMANTIC-MATCH,gameplay/score_mult
,void ScoreMult_Reset,gameplay,,SEMANTIC-MATCH,gameplay/score_mult
,void ScoreMultiplier_Init,gameplay,,SEMANTIC-MATCH,gameplay/score_multiplier
,void ScoreMultiplier_Add,gameplay,,SEMANTIC-MATCH,gameplay/score_multiplier
,void ScoreMultiplier_Update,gameplay,,SEMANTIC-MATCH,gameplay/score_multiplier
,void ScoreMultiplier_Reset,gameplay,,SEMANTIC-MATCH,gameplay/score_multiplier
,u32 ScoreMultiplier_Get,gameplay,,SEMANTIC-MATCH,gameplay/score_multiplier
,s32 ScoreMultiplier_IsActive,gameplay,,SEMANTIC-MATCH,gameplay/score_multiplier
,u32 ScoreMultiplier_GetTimer,gameplay,,SEMANTIC-MATCH,gameplay/score_multiplier
,u32 ScoreMultiplier_GetProgress,gameplay,,SEMANTIC-MATCH,gameplay/score_multiplier
,u32 ScoreMultiplier_GetMax,gameplay,,SEMANTIC-MATCH,gameplay/score_multiplier
,void ScoreMultiplier_SetMax,gameplay,,SEMANTIC-MATCH,gameplay/score_multiplier
,u32 ScoreMultiplier_Apply,gameplay,,SEMANTIC-MATCH,gameplay/score_multiplier
,void ScorePopup_Init,gameplay,,SEMANTIC-MATCH,gameplay/score_popup
,s32 ScorePopup_Spawn,gameplay,,SEMANTIC-MATCH,gameplay/score_popup
,void ScorePopup_Update,gameplay,,SEMANTIC-MATCH,gameplay/score_popup
,void ScorePopup_Draw,gameplay,,SEMANTIC-MATCH,gameplay/score_popup
,u32 ScorePopup_GetCount,gameplay,,SEMANTIC-MATCH,gameplay/score_popup
,void ScorePopup_Clear,gameplay,,SEMANTIC-MATCH,gameplay/score_popup
,void ScorePopup_Reset,gameplay,,SEMANTIC-MATCH,gameplay/score_popup
,void ScreenTrans_Init,gameplay,,SEMANTIC-MATCH,gameplay/screen_trans
,void ScreenTrans_Start,gameplay,,SEMANTIC-MATCH,gameplay/screen_trans
,s32 ScreenTrans_Update,gameplay,,SEMANTIC-MATCH,gameplay/screen_trans
,u32 ScreenTrans_GetState,gameplay,,SEMANTIC-MATCH,gameplay/screen_trans
,void ScreenTrans_Reset,gameplay,,SEMANTIC-MATCH,gameplay/screen_trans
,void ScreenTransition_Init,gameplay,,SEMANTIC-MATCH,gameplay/screen_transition
,void ScreenTransition_Start,gameplay,,SEMANTIC-MATCH,gameplay/screen_transition
,s32 ScreenTransition_Update,gameplay,,SEMANTIC-MATCH,gameplay/screen_transition
,void ScreenTransition_Draw,gameplay,,SEMANTIC-MATCH,gameplay/screen_transition
,void ScreenTransition_Stop,gameplay,,SEMANTIC-MATCH,gameplay/screen_transition
,s32 ScreenTransition_IsActive,gameplay,,SEMANTIC-MATCH,gameplay/screen_transition
,u32 ScreenTransition_GetType,gameplay,,SEMANTIC-MATCH,gameplay/screen_transition
,u32 ScreenTransition_GetProgress,gameplay,,SEMANTIC-MATCH,gameplay/screen_transition
,void ScreenTransition_Reset,gameplay,,SEMANTIC-MATCH,gameplay/screen_transition
,void ScreenWarp_Init,gameplay,,SEMANTIC-MATCH,gameplay/screen_warp
,s32 ScreenWarp_Add,gameplay,,SEMANTIC-MATCH,gameplay/screen_warp
,void ScreenWarp_Update,gameplay,,SEMANTIC-MATCH,gameplay/screen_warp
,void ScreenWarp_Remove,gameplay,,SEMANTIC-MATCH,gameplay/screen_warp
,u32 ScreenWarp_GetCount,gameplay,,SEMANTIC-MATCH,gameplay/screen_warp
,void ScreenWarp_Clear,gameplay,,SEMANTIC-MATCH,gameplay/screen_warp
,void ScreenWarp_Reset,gameplay,,SEMANTIC-MATCH,gameplay/screen_warp
,void ScreenWipe_Init,gameplay,,SEMANTIC-MATCH,gameplay/screen_wipe
,void ScreenWipe_Start,gameplay,,SEMANTIC-MATCH,gameplay/screen_wipe
,s32 ScreenWipe_Update,gameplay,,SEMANTIC-MATCH,gameplay/screen_wipe
,void ScreenWipe_Draw,gameplay,,SEMANTIC-MATCH,gameplay/screen_wipe
,void ScreenWipe_Stop,gameplay,,SEMANTIC-MATCH,gameplay/screen_wipe
,s32 ScreenWipe_IsActive,gameplay,,SEMANTIC-MATCH,gameplay/screen_wipe
,u32 ScreenWipe_GetType,gameplay,,SEMANTIC-MATCH,gameplay/screen_wipe
,u32 ScreenWipe_GetProgress,gameplay,,SEMANTIC-MATCH,gameplay/screen_wipe
,void ScreenWipe_Reset,gameplay,,SEMANTIC-MATCH,gameplay/screen_wipe
,void ScrollLock_Init,gameplay,,SEMANTIC-MATCH,gameplay/scroll_lock
,s32 ScrollLock_Add,gameplay,,SEMANTIC-MATCH,gameplay/scroll_lock
,void ScrollLock_Update,gameplay,,SEMANTIC-MATCH,gameplay/scroll_lock
,void ScrollLock_Remove,gameplay,,SEMANTIC-MATCH,gameplay/scroll_lock
,u32 ScrollLock_GetCount,gameplay,,SEMANTIC-MATCH,gameplay/scroll_lock
,void ScrollLock_Clear,gameplay,,SEMANTIC-MATCH,gameplay/scroll_lock
,void ScrollLock_Reset,gameplay,,SEMANTIC-MATCH,gameplay/scroll_lock
,void ShieldBubble_Init,gameplay,,SEMANTIC-MATCH,gameplay/shield_bubble
,void ShieldBubble_Start,gameplay,,SEMANTIC-MATCH,gameplay/shield_bubble
,void ShieldBubble_Update,gameplay,,SEMANTIC-MATCH,gameplay/shield_bubble
,void ShieldBubble_Draw,gameplay,,SEMANTIC-MATCH,gameplay/shield_bubble
,void ShieldBubble_Stop,gameplay,,SEMANTIC-MATCH,gameplay/shield_bubble
,s32 ShieldBubble_IsActive,gameplay,,SEMANTIC-MATCH,gameplay/shield_bubble
,u32 ShieldBubble_GetTimer,gameplay,,SEMANTIC-MATCH,gameplay/shield_bubble
,s32 ShieldBubble_GetAlpha,gameplay,,SEMANTIC-MATCH,gameplay/shield_bubble
,s32 ShieldBubble_CheckHit,gameplay,,SEMANTIC-MATCH,gameplay/shield_bubble
,void ShieldBubble_Reset,gameplay,,SEMANTIC-MATCH,gameplay/shield_bubble
,void Shield_Init,gameplay,,SEMANTIC-MATCH,gameplay/shield
,void Shield_Activate,gameplay,,SEMANTIC-MATCH,gameplay/shield
,void Shield_Update,gameplay,,SEMANTIC-MATCH,gameplay/shield
,void Shield_Deactivate,gameplay,,SEMANTIC-MATCH,gameplay/shield
,s32 Shield_IsActive,gameplay,,SEMANTIC-MATCH,gameplay/shield
,u32 Shield_GetType,gameplay,,SEMANTIC-MATCH,gameplay/shield
,u32 Shield_GetTimer,gameplay,,SEMANTIC-MATCH,gameplay/shield
,s32 Shield_Use,gameplay,,SEMANTIC-MATCH,gameplay/shield
,void Shield_Draw,gameplay,,SEMANTIC-MATCH,gameplay/shield
,u32 Shield_GetProgress,gameplay,,SEMANTIC-MATCH,gameplay/shield
,void Shield_Reset,gameplay,,SEMANTIC-MATCH,gameplay/shield
,void ShieldFX_Init,gameplay,,SEMANTIC-MATCH,gameplay/shield_fx
,void ShieldFX_Start,gameplay,,SEMANTIC-MATCH,gameplay/shield_fx
,void ShieldFX_Stop,gameplay,,SEMANTIC-MATCH,gameplay/shield_fx
,void ShieldFX_Update,gameplay,,SEMANTIC-MATCH,gameplay/shield_fx
,void ShieldFX_Draw,gameplay,,SEMANTIC-MATCH,gameplay/shield_fx
,s32 ShieldFX_IsActive,gameplay,,SEMANTIC-MATCH,gameplay/shield_fx
,void ShieldFX_Reset,gameplay,,SEMANTIC-MATCH,gameplay/shield_fx
,void Signpost_Init,gameplay,,SEMANTIC-MATCH,gameplay/signpost
,s32 Signpost_Add,gameplay,,SEMANTIC-MATCH,gameplay/signpost
,void Signpost_Update,gameplay,,SEMANTIC-MATCH,gameplay/signpost
,void Signpost_Remove,gameplay,,SEMANTIC-MATCH,gameplay/signpost
,u32 Signpost_GetCount,gameplay,,SEMANTIC-MATCH,gameplay/signpost
,void Signpost_Clear,gameplay,,SEMANTIC-MATCH,gameplay/signpost
,void Signpost_Reset,gameplay,,SEMANTIC-MATCH,gameplay/signpost
,void Skybox_Init,gameplay,,SEMANTIC-MATCH,gameplay/skybox
,void Skybox_SetTile,gameplay,,SEMANTIC-MATCH,gameplay/skybox
,void Skybox_SetScroll,gameplay,,SEMANTIC-MATCH,gameplay/skybox
,void Skybox_Update,gameplay,,SEMANTIC-MATCH,gameplay/skybox
,void Skybox_Draw,gameplay,,SEMANTIC-MATCH,gameplay/skybox
,void Skybox_Reset,gameplay,,SEMANTIC-MATCH,gameplay/skybox
,void SlideDust_Init,gameplay,,SEMANTIC-MATCH,gameplay/slide_dust
,s32 SlideDust_Spawn,gameplay,,SEMANTIC-MATCH,gameplay/slide_dust
,void SlideDust_Update,gameplay,,SEMANTIC-MATCH,gameplay/slide_dust
,void SlideDust_Draw,gameplay,,SEMANTIC-MATCH,gameplay/slide_dust
,void SlideDust_Remove,gameplay,,SEMANTIC-MATCH,gameplay/slide_dust
,u32 SlideDust_GetCount,gameplay,,SEMANTIC-MATCH,gameplay/slide_dust
,s32 SlideDust_IsActive,gameplay,,SEMANTIC-MATCH,gameplay/slide_dust
,void SlideDust_SpawnBurst,gameplay,,SEMANTIC-MATCH,gameplay/slide_dust
,void SlideDust_Clear,gameplay,,SEMANTIC-MATCH,gameplay/slide_dust
,void SmokePuff_Init,gameplay,,SEMANTIC-MATCH,gameplay/smoke_puff
,s32 SmokePuff_Spawn,gameplay,,SEMANTIC-MATCH,gameplay/smoke_puff
,void SmokePuff_Update,gameplay,,SEMANTIC-MATCH,gameplay/smoke_puff
,void SmokePuff_Draw,gameplay,,SEMANTIC-MATCH,gameplay/smoke_puff
,u32 SmokePuff_GetCount,gameplay,,SEMANTIC-MATCH,gameplay/smoke_puff
,void SmokePuff_Clear,gameplay,,SEMANTIC-MATCH,gameplay/smoke_puff
,void SmokePuff_Reset,gameplay,,SEMANTIC-MATCH,gameplay/smoke_puff
,void SoundFxHelper_Init,gameplay,,SEMANTIC-MATCH,gameplay/sound_fx_helper
,void SoundFxHelper_PlayTimed,gameplay,,SEMANTIC-MATCH,gameplay/sound_fx_helper
,void SoundFxHelper_Update,gameplay,,SEMANTIC-MATCH,gameplay/sound_fx_helper
,void SoundFxHelper_Stop,gameplay,,SEMANTIC-MATCH,gameplay/sound_fx_helper
,u32 SoundFxHelper_GetLast,gameplay,,SEMANTIC-MATCH,gameplay/sound_fx_helper
,void SoundFxHelper_Reset,gameplay,,SEMANTIC-MATCH,gameplay/sound_fx_helper
,void Spark_Init,gameplay,,SEMANTIC-MATCH,gameplay/spark
,s32 Spark_Spawn,gameplay,,SEMANTIC-MATCH,gameplay/spark
,void Spark_Update,gameplay,,SEMANTIC-MATCH,gameplay/spark
,void Spark_Draw,gameplay,,SEMANTIC-MATCH,gameplay/spark
,void Spark_Remove,gameplay,,SEMANTIC-MATCH,gameplay/spark
,u32 Spark_GetCount,gameplay,,SEMANTIC-MATCH,gameplay/spark
,s32 Spark_IsActive,gameplay,,SEMANTIC-MATCH,gameplay/spark
,void Spark_SpawnBurst,gameplay,,SEMANTIC-MATCH,gameplay/spark
,void Spark_SpawnAt,gameplay,,SEMANTIC-MATCH,gameplay/spark
,void Spark_Clear,gameplay,,SEMANTIC-MATCH,gameplay/spark
,void SparkleFX_Init,gameplay,,SEMANTIC-MATCH,gameplay/sparkle_fx
,s32 SparkleFX_Spawn,gameplay,,SEMANTIC-MATCH,gameplay/sparkle_fx
,void SparkleFX_Update,gameplay,,SEMANTIC-MATCH,gameplay/sparkle_fx
,void SparkleFX_Draw,gameplay,,SEMANTIC-MATCH,gameplay/sparkle_fx
,u32 SparkleFX_GetCount,gameplay,,SEMANTIC-MATCH,gameplay/sparkle_fx
,void SparkleFX_Clear,gameplay,,SEMANTIC-MATCH,gameplay/sparkle_fx
,void SparkleFX_Reset,gameplay,,SEMANTIC-MATCH,gameplay/sparkle_fx
,void SpawnPoint_Init,gameplay,,SEMANTIC-MATCH,gameplay/spawn_point
,s32 SpawnPoint_Add,gameplay,,SEMANTIC-MATCH,gameplay/spawn_point
,void SpawnPoint_SetCurrent,gameplay,,SEMANTIC-MATCH,gameplay/spawn_point
,s32 SpawnPoint_GetX,gameplay,,SEMANTIC-MATCH,gameplay/spawn_point
,s32 SpawnPoint_GetY,gameplay,,SEMANTIC-MATCH,gameplay/spawn_point
,void SpawnPoint_Remove,gameplay,,SEMANTIC-MATCH,gameplay/spawn_point
,u32 SpawnPoint_GetCount,gameplay,,SEMANTIC-MATCH,gameplay/spawn_point
,void SpawnPoint_Clear,gameplay,,SEMANTIC-MATCH,gameplay/spawn_point
,void SpawnPoint_Reset,gameplay,,SEMANTIC-MATCH,gameplay/spawn_point
,void SpecialEntry_Init,gameplay,,SEMANTIC-MATCH,gameplay/special_entry
,s32 SpecialEntry_Add,gameplay,,SEMANTIC-MATCH,gameplay/special_entry
,void SpecialEntry_Update,gameplay,,SEMANTIC-MATCH,gameplay/special_entry
,void SpecialEntry_Remove,gameplay,,SEMANTIC-MATCH,gameplay/special_entry
,u32 SpecialEntry_GetCount,gameplay,,SEMANTIC-MATCH,gameplay/special_entry
,void SpecialEntry_Clear,gameplay,,SEMANTIC-MATCH,gameplay/special_entry
,void SpecialEntry_Reset,gameplay,,SEMANTIC-MATCH,gameplay/special_entry
,void SpecialStage_Init,gameplay,,SEMANTIC-MATCH,gameplay/special_stage
,s32 SpecialStage_Update,gameplay,,SEMANTIC-MATCH,gameplay/special_stage
,void SpecialStage_Draw,gameplay,,SEMANTIC-MATCH,gameplay/special_stage
,void SpecialStage_LoadData,gameplay,,SEMANTIC-MATCH,gameplay/special_stage
,void SpeedBooster_Init,gameplay,,SEMANTIC-MATCH,gameplay/speed_booster
,s32 SpeedBooster_Add,gameplay,,SEMANTIC-MATCH,gameplay/speed_booster
,void SpeedBooster_Update,gameplay,,SEMANTIC-MATCH,gameplay/speed_booster
,void SpeedBooster_Remove,gameplay,,SEMANTIC-MATCH,gameplay/speed_booster
,u32 SpeedBooster_GetCount,gameplay,,SEMANTIC-MATCH,gameplay/speed_booster
,void SpeedBooster_Clear,gameplay,,SEMANTIC-MATCH,gameplay/speed_booster
,void SpeedBooster_Reset,gameplay,,SEMANTIC-MATCH,gameplay/speed_booster
,void SpeedEffect_Init,gameplay,,SEMANTIC-MATCH,gameplay/speed_effect
,void SpeedEffect_Start,gameplay,,SEMANTIC-MATCH,gameplay/speed_effect
,void SpeedEffect_Stop,gameplay,,SEMANTIC-MATCH,gameplay/speed_effect
,void SpeedEffect_Update,gameplay,,SEMANTIC-MATCH,gameplay/speed_effect
,s32 SpeedEffect_IsActive,gameplay,,SEMANTIC-MATCH,gameplay/speed_effect
,void SpeedEffect_Reset,gameplay,,SEMANTIC-MATCH,gameplay/speed_effect
,void SpeedLines_Init,gameplay,,SEMANTIC-MATCH,gameplay/speed_lines
,void SpeedLines_Start,gameplay,,SEMANTIC-MATCH,gameplay/speed_lines
,void SpeedLines_Stop,gameplay,,SEMANTIC-MATCH,gameplay/speed_lines
,void SpeedLines_Update,gameplay,,SEMANTIC-MATCH,gameplay/speed_lines
,void SpeedLines_Draw,gameplay,,SEMANTIC-MATCH,gameplay/speed_lines
,u32 SpeedLines_IsActive,gameplay,,SEMANTIC-MATCH,gameplay/speed_lines
,void SpeedLines_Reset,gameplay,,SEMANTIC-MATCH,gameplay/speed_lines
,void SpeedShoe_Init,gameplay,,SEMANTIC-MATCH,gameplay/speed_shoe
,s32 SpeedShoe_Add,gameplay,,SEMANTIC-MATCH,gameplay/speed_shoe
,void SpeedShoe_Update,gameplay,,SEMANTIC-MATCH,gameplay/speed_shoe
,void SpeedShoe_Remove,gameplay,,SEMANTIC-MATCH,gameplay/speed_shoe
,u32 SpeedShoe_GetCount,gameplay,,SEMANTIC-MATCH,gameplay/speed_shoe
,void SpeedShoe_Clear,gameplay,,SEMANTIC-MATCH,gameplay/speed_shoe
,void SpeedShoe_Reset,gameplay,,SEMANTIC-MATCH,gameplay/speed_shoe
,void SpikeBall_Init,gameplay,,SEMANTIC-MATCH,gameplay/spike_ball
,s32 SpikeBall_Add,gameplay,,SEMANTIC-MATCH,gameplay/spike_ball
,void SpikeBall_Update,gameplay,,SEMANTIC-MATCH,gameplay/spike_ball
,void SpikeBall_Remove,gameplay,,SEMANTIC-MATCH,gameplay/spike_ball
,u32 SpikeBall_GetCount,gameplay,,SEMANTIC-MATCH,gameplay/spike_ball
,void SpikeBall_Clear,gameplay,,SEMANTIC-MATCH,gameplay/spike_ball
,void SpikeBall_Reset,gameplay,,SEMANTIC-MATCH,gameplay/spike_ball
,void Spike_Init,gameplay,,SEMANTIC-MATCH,gameplay/spike
,s32 Spike_Add,gameplay,,SEMANTIC-MATCH,gameplay/spike
,void Spike_Update,gameplay,,SEMANTIC-MATCH,gameplay/spike
,void Spike_Remove,gameplay,,SEMANTIC-MATCH,gameplay/spike
,u32 Spike_GetCount,gameplay,,SEMANTIC-MATCH,gameplay/spike
,void Spike_Clear,gameplay,,SEMANTIC-MATCH,gameplay/spike
,void Spike_Reset,gameplay,,SEMANTIC-MATCH,gameplay/spike
,void SpinDashDust_Init,gameplay,,SEMANTIC-MATCH,gameplay/spindash_dust
,s32 SpinDashDust_Spawn,gameplay,,SEMANTIC-MATCH,gameplay/spindash_dust
,void SpinDashDust_Update,gameplay,,SEMANTIC-MATCH,gameplay/spindash_dust
,void SpinDashDust_Draw,gameplay,,SEMANTIC-MATCH,gameplay/spindash_dust
,void SpinDashDust_Remove,gameplay,,SEMANTIC-MATCH,gameplay/spindash_dust
,u32 SpinDashDust_GetCount,gameplay,,SEMANTIC-MATCH,gameplay/spindash_dust
,s32 SpinDashDust_IsActive,gameplay,,SEMANTIC-MATCH,gameplay/spindash_dust
,void SpinDashDust_SpawnBurst,gameplay,,SEMANTIC-MATCH,gameplay/spindash_dust
,void SpinDashDust_Clear,gameplay,,SEMANTIC-MATCH,gameplay/spindash_dust
,void SpringActor_Init,gameplay,,SEMANTIC-MATCH,gameplay/spring_actor
,s32 SpringActor_Add,gameplay,,SEMANTIC-MATCH,gameplay/spring_actor
,void SpringActor_Update,gameplay,,SEMANTIC-MATCH,gameplay/spring_actor
,void SpringActor_Trig,gameplay,,SEMANTIC-MATCH,gameplay/spring_actor
,void SpringActor_Remove,gameplay,,SEMANTIC-MATCH,gameplay/spring_actor
,s32 SpringActor_GetX,gameplay,,SEMANTIC-MATCH,gameplay/spring_actor
,s32 SpringActor_GetY,gameplay,,SEMANTIC-MATCH,gameplay/spring_actor
,u32 SpringActor_GetCount,gameplay,,SEMANTIC-MATCH,gameplay/spring_actor
,s32 SpringActor_IsActive,gameplay,,SEMANTIC-MATCH,gameplay/spring_actor
,void SpringActor_Clear,gameplay,,SEMANTIC-MATCH,gameplay/spring_actor
,void SpringActor_Reset,gameplay,,SEMANTIC-MATCH,gameplay/spring_actor
,void SpringBounce_Init,gameplay,,SEMANTIC-MATCH,gameplay/spring_bounce
,void SpringBounce_Start,gameplay,,SEMANTIC-MATCH,gameplay/spring_bounce
,void SpringBounce_Update,gameplay,,SEMANTIC-MATCH,gameplay/spring_bounce
,void SpringBounce_Draw,gameplay,,SEMANTIC-MATCH,gameplay/spring_bounce
,void SpringBounce_Stop,gameplay,,SEMANTIC-MATCH,gameplay/spring_bounce
,s32 SpringBounce_IsActive,gameplay,,SEMANTIC-MATCH,gameplay/spring_bounce
,u32 SpringBounce_GetTimer,gameplay,,SEMANTIC-MATCH,gameplay/spring_bounce
,void SpringBounce_GetPosition,gameplay,,SEMANTIC-MATCH,gameplay/spring_bounce
,s32 SpringBounce_GetRadius,gameplay,,SEMANTIC-MATCH,gameplay/spring_bounce
,void SpringBounce_Reset,gameplay,,SEMANTIC-MATCH,gameplay/spring_bounce
,void SpringPad_Init,gameplay,,SEMANTIC-MATCH,gameplay/spring_pad
,s32 SpringPad_Add,gameplay,,SEMANTIC-MATCH,gameplay/spring_pad
,void SpringPad_Update,gameplay,,SEMANTIC-MATCH,gameplay/spring_pad
,void SpringPad_Trig,gameplay,,SEMANTIC-MATCH,gameplay/spring_pad
,void SpringPad_Remove,gameplay,,SEMANTIC-MATCH,gameplay/spring_pad
,u32 SpringPad_GetCount,gameplay,,SEMANTIC-MATCH,gameplay/spring_pad
,void SpringPad_Clear,gameplay,,SEMANTIC-MATCH,gameplay/spring_pad
,void SpringPad_Reset,gameplay,,SEMANTIC-MATCH,gameplay/spring_pad
,s32 SpringPad_CheckPlayer,gameplay,,SEMANTIC-MATCH,gameplay/springpad
,void SpringPad_Spring,gameplay,,SEMANTIC-MATCH,gameplay/springpad
,s32 SpriteAnim_Add,gameplay,,SEMANTIC-MATCH,gameplay/sprite_anim
,void SpriteAnim_SetAnim,gameplay,,SEMANTIC-MATCH,gameplay/sprite_anim
,void SpriteAnim_Remove,gameplay,,SEMANTIC-MATCH,gameplay/sprite_anim
,u32 SpriteAnim_GetCount,gameplay,,SEMANTIC-MATCH,gameplay/sprite_anim
,void SpriteAnim_Clear,gameplay,,SEMANTIC-MATCH,gameplay/sprite_anim
,void SpriteAnim_Reset,gameplay,,SEMANTIC-MATCH,gameplay/sprite_anim
,void SpriteFrame_Init,gameplay,,SEMANTIC-MATCH,gameplay/sprite_frame
,s32 SpriteFrame_Add,gameplay,,SEMANTIC-MATCH,gameplay/sprite_frame
,u32 SpriteFrame_GetTile,gameplay,,SEMANTIC-MATCH,gameplay/sprite_frame
,u32 SpriteFrame_GetCount,gameplay,,SEMANTIC-MATCH,gameplay/sprite_frame
,void SpriteFrame_Clear,gameplay,,SEMANTIC-MATCH,gameplay/sprite_frame
,void SpriteFrame_Reset,gameplay,,SEMANTIC-MATCH,gameplay/sprite_frame
,void StageCollision_Init,gameplay,,SEMANTIC-MATCH,gameplay/stage_collision
,void StageCollision_Update,gameplay,,SEMANTIC-MATCH,gameplay/stage_collision
,void StageCollision_SetActive,gameplay,,SEMANTIC-MATCH,gameplay/stage_collision
,s32 StageCollision_IsActive,gameplay,,SEMANTIC-MATCH,gameplay/stage_collision
,void StageCollision_Reset,gameplay,,SEMANTIC-MATCH,gameplay/stage_collision
,void StageEvent_Init,gameplay,,SEMANTIC-MATCH,gameplay/stage_event
,s32 StageEvent_Add,gameplay,,SEMANTIC-MATCH,gameplay/stage_event
,void StageEvent_Update,gameplay,,SEMANTIC-MATCH,gameplay/stage_event
,void StageEvent_Remove,gameplay,,SEMANTIC-MATCH,gameplay/stage_event
,u32 StageEvent_GetCount,gameplay,,SEMANTIC-MATCH,gameplay/stage_event
,void StageEvent_Clear,gameplay,,SEMANTIC-MATCH,gameplay/stage_event
,void StageEvent_Reset,gameplay,,SEMANTIC-MATCH,gameplay/stage_event
,void StageLoad_Init,gameplay,,SEMANTIC-MATCH,gameplay/stage_load
,void StageLoad_Start,gameplay,,SEMANTIC-MATCH,gameplay/stage_load
,s32 StageLoad_Update,gameplay,,SEMANTIC-MATCH,gameplay/stage_load
,u32 StageLoad_GetState,gameplay,,SEMANTIC-MATCH,gameplay/stage_load
,void StageLoad_Reset,gameplay,,SEMANTIC-MATCH,gameplay/stage_load
,void StageRender_Init,gameplay,,SEMANTIC-MATCH,gameplay/stage_render
,void StageRender_Update,gameplay,,SEMANTIC-MATCH,gameplay/stage_render
,void StageRender_Draw,gameplay,,SEMANTIC-MATCH,gameplay/stage_render
,void StageRender_SetActive,gameplay,,SEMANTIC-MATCH,gameplay/stage_render
,s32 StageRender_IsActive,gameplay,,SEMANTIC-MATCH,gameplay/stage_render
,void StageRender_Reset,gameplay,,SEMANTIC-MATCH,gameplay/stage_render
,void StickyWall_Init,gameplay,,SEMANTIC-MATCH,gameplay/sticky_wall
,s32 StickyWall_Add,gameplay,,SEMANTIC-MATCH,gameplay/sticky_wall
,void StickyWall_Update,gameplay,,SEMANTIC-MATCH,gameplay/sticky_wall
,void StickyWall_Remove,gameplay,,SEMANTIC-MATCH,gameplay/sticky_wall
,u32 StickyWall_GetCount,gameplay,,SEMANTIC-MATCH,gameplay/sticky_wall
,void StickyWall_Clear,gameplay,,SEMANTIC-MATCH,gameplay/sticky_wall
,void StickyWall_Reset,gameplay,,SEMANTIC-MATCH,gameplay/sticky_wall
,void StoneBreak_Init,gameplay,,SEMANTIC-MATCH,gameplay/stone_break
,s32 StoneBreak_Spawn,gameplay,,SEMANTIC-MATCH,gameplay/stone_break
,void StoneBreak_Update,gameplay,,SEMANTIC-MATCH,gameplay/stone_break
,void StoneBreak_Remove,gameplay,,SEMANTIC-MATCH,gameplay/stone_break
,u32 StoneBreak_GetCount,gameplay,,SEMANTIC-MATCH,gameplay/stone_break
,s32 StoneBreak_IsActive,gameplay,,SEMANTIC-MATCH,gameplay/stone_break
,void StoneBreak_Clear,gameplay,,SEMANTIC-MATCH,gameplay/stone_break
,void StoneBreak_Reset,gameplay,,SEMANTIC-MATCH,gameplay/stone_break
,void SwitchBlock_Init,gameplay,,SEMANTIC-MATCH,gameplay/switch_block
,s32 SwitchBlock_Add,gameplay,,SEMANTIC-MATCH,gameplay/switch_block
,void SwitchBlock_Update,gameplay,,SEMANTIC-MATCH,gameplay/switch_block
,s32 SwitchBlock_IsSolid,gameplay,,SEMANTIC-MATCH,gameplay/switch_block
,void SwitchBlock_Remove,gameplay,,SEMANTIC-MATCH,gameplay/switch_block
,u32 SwitchBlock_GetCount,gameplay,,SEMANTIC-MATCH,gameplay/switch_block
,void SwitchBlock_Clear,gameplay,,SEMANTIC-MATCH,gameplay/switch_block
,void SwitchBlock_Reset,gameplay,,SEMANTIC-MATCH,gameplay/switch_block
,void Switch_Init,gameplay,,SEMANTIC-MATCH,gameplay/switch
,s32 Switch_Add,gameplay,,SEMANTIC-MATCH,gameplay/switch
,void Switch_Update,gameplay,,SEMANTIC-MATCH,gameplay/switch
,u32 Switch_GetColor,gameplay,,SEMANTIC-MATCH,gameplay/switch
,void Switch_Remove,gameplay,,SEMANTIC-MATCH,gameplay/switch
,u32 Switch_GetCount,gameplay,,SEMANTIC-MATCH,gameplay/switch
,void Switch_Clear,gameplay,,SEMANTIC-MATCH,gameplay/switch
,void Switch_Reset,gameplay,,SEMANTIC-MATCH,gameplay/switch
,void SysCallback_Init,gameplay,,SEMANTIC-MATCH,gameplay/sys_callback
,s32 SysCallback_Add(void (*func),gameplay,,SEMANTIC-MATCH,gameplay/sys_callback
,void SysCallback_Run,gameplay,,SEMANTIC-MATCH,gameplay/sys_callback
,void SysCallback_Remove,gameplay,,SEMANTIC-MATCH,gameplay/sys_callback
,u32 SysCallback_GetCount,gameplay,,SEMANTIC-MATCH,gameplay/sys_callback
,void SysCallback_Clear,gameplay,,SEMANTIC-MATCH,gameplay/sys_callback
,void SysCallback_Reset,gameplay,,SEMANTIC-MATCH,gameplay/sys_callback
,void Teleporter_Update,gameplay,,SEMANTIC-MATCH,gameplay/teleporter
,s32 Teleporter_CheckPlayer,gameplay,,SEMANTIC-MATCH,gameplay/teleporter
,void Teleporter_Teleport,gameplay,,SEMANTIC-MATCH,gameplay/teleporter
,void Teleporter_Init,gameplay,,SEMANTIC-MATCH,gameplay/teleporter
,void TexScroll_Init,gameplay,,SEMANTIC-MATCH,gameplay/tex_scroll
,s32 TexScroll_Add,gameplay,,SEMANTIC-MATCH,gameplay/tex_scroll
,void TexScroll_Update,gameplay,,SEMANTIC-MATCH,gameplay/tex_scroll
,void TexScroll_Remove,gameplay,,SEMANTIC-MATCH,gameplay/tex_scroll
,u32 TexScroll_GetCount,gameplay,,SEMANTIC-MATCH,gameplay/tex_scroll
,s32 TexScroll_IsActive,gameplay,,SEMANTIC-MATCH,gameplay/tex_scroll
,void TexScroll_Clear,gameplay,,SEMANTIC-MATCH,gameplay/tex_scroll
,void TexScroll_Reset,gameplay,,SEMANTIC-MATCH,gameplay/tex_scroll
,void Tilemap_DrawAll,gameplay,,SEMANTIC-MATCH,gameplay/tilemap
,void Tilemap_SetParallax,gameplay,,SEMANTIC-MATCH,gameplay/tilemap
,void Tilemap_Init,gameplay,,SEMANTIC-MATCH,gameplay/tilemap
,void Tilemap_Reset,gameplay,,SEMANTIC-MATCH,gameplay/tilemap
,void TimeBonus_Init,gameplay,,SEMANTIC-MATCH,gameplay/time_bonus
,void TimeBonus_Start,gameplay,,SEMANTIC-MATCH,gameplay/time_bonus
,void TimeBonus_Update,gameplay,,SEMANTIC-MATCH,gameplay/time_bonus
,s32 TimeBonus_IsActive,gameplay,,SEMANTIC-MATCH,gameplay/time_bonus
,u32 TimeBonus_GetValue,gameplay,,SEMANTIC-MATCH,gameplay/time_bonus
,void TimeBonus_Reset,gameplay,,SEMANTIC-MATCH,gameplay/time_bonus
,void TimeHelper_Init,gameplay,,SEMANTIC-MATCH,gameplay/time_helper
,void TimeHelper_Start,gameplay,,SEMANTIC-MATCH,gameplay/time_helper
,void TimeHelper_Update,gameplay,,SEMANTIC-MATCH,gameplay/time_helper
,void TimeHelper_Stop,gameplay,,SEMANTIC-MATCH,gameplay/time_helper
,u32 TimeHelper_GetElapsed,gameplay,,SEMANTIC-MATCH,gameplay/time_helper
,u32 TimeHelper_GetRemaining,gameplay,,SEMANTIC-MATCH,gameplay/time_helper
,u32 TimeHelper_GetSeconds,gameplay,,SEMANTIC-MATCH,gameplay/time_helper
,u32 TimeHelper_GetRemainingSeconds,gameplay,,SEMANTIC-MATCH,gameplay/time_helper
,void TimeHelper_PlayWarning,gameplay,,SEMANTIC-MATCH,gameplay/time_helper
,void TimeHelper_TimeUp,gameplay,,SEMANTIC-MATCH,gameplay/time_helper
,s32 TimeHelper_IsActive,gameplay,,SEMANTIC-MATCH,gameplay/time_helper
,s32 TimeHelper_IsWarning,gameplay,,SEMANTIC-MATCH,gameplay/time_helper
,void TimeHelper_Reset,gameplay,,SEMANTIC-MATCH,gameplay/time_helper
,void TimePost_Update,gameplay,,SEMANTIC-MATCH,gameplay/timepost_signpost
,s32 TimePost_CheckPlayer,gameplay,,SEMANTIC-MATCH,gameplay/timepost_signpost
,void TimePost_Init,gameplay,,SEMANTIC-MATCH,gameplay/timepost_signpost
,s32 Signpost_CheckPlayer,gameplay,,SEMANTIC-MATCH,gameplay/timepost_signpost
,s32 Signpost_CheckGoal,gameplay,,SEMANTIC-MATCH,gameplay/timepost_signpost
,void Timer_Init,gameplay,,SEMANTIC-MATCH,gameplay/timer
,void Timer_Start,gameplay,,SEMANTIC-MATCH,gameplay/timer
,void Timer_Stop,gameplay,,SEMANTIC-MATCH,gameplay/timer
,void Timer_Update,gameplay,,SEMANTIC-MATCH,gameplay/timer
,u32 Timer_Get,gameplay,,SEMANTIC-MATCH,gameplay/timer
,u32 Timer_GetSeconds,gameplay,,SEMANTIC-MATCH,gameplay/timer
,u32 Timer_IsActive,gameplay,,SEMANTIC-MATCH,gameplay/timer
,s32 Timer_IsExpired,gameplay,,SEMANTIC-MATCH,gameplay/timer
,void Timer_Reset,gameplay,,SEMANTIC-MATCH,gameplay/timer
,void TimerDisplay_Init,gameplay,,SEMANTIC-MATCH,gameplay/timer_display
,void TimerDisplay_SetPosition,gameplay,,SEMANTIC-MATCH,gameplay/timer_display
,void TimerDisplay_Update,gameplay,,SEMANTIC-MATCH,gameplay/timer_display
,void TimerDisplay_Draw,gameplay,,SEMANTIC-MATCH,gameplay/timer_display
,void TimerDisplay_Show,gameplay,,SEMANTIC-MATCH,gameplay/timer_display
,void TimerDisplay_Hide,gameplay,,SEMANTIC-MATCH,gameplay/timer_display
,s32 TimerDisplay_IsVisible,gameplay,,SEMANTIC-MATCH,gameplay/timer_display
,u32 TimerDisplay_GetTime,gameplay,,SEMANTIC-MATCH,gameplay/timer_display
,void TimerDisplay_SetTime,gameplay,,SEMANTIC-MATCH,gameplay/timer_display
,void TimerDisplay_Reset,gameplay,,SEMANTIC-MATCH,gameplay/timer_display
,void TimerIcon_Init,gameplay,,SEMANTIC-MATCH,gameplay/timer_icon
,s32 TimerIcon_Add,gameplay,,SEMANTIC-MATCH,gameplay/timer_icon
,void TimerIcon_Update,gameplay,,SEMANTIC-MATCH,gameplay/timer_icon
,void TimerIcon_Draw,gameplay,,SEMANTIC-MATCH,gameplay/timer_icon
,void TimerIcon_Remove,gameplay,,SEMANTIC-MATCH,gameplay/timer_icon
,u32 TimerIcon_GetCount,gameplay,,SEMANTIC-MATCH,gameplay/timer_icon
,void TimerIcon_Clear,gameplay,,SEMANTIC-MATCH,gameplay/timer_icon
,void TimerIcon_Reset,gameplay,,SEMANTIC-MATCH,gameplay/timer_icon
,void TimerZone_Init,gameplay,,SEMANTIC-MATCH,gameplay/timer_zone
,s32 TimerZone_Add,gameplay,,SEMANTIC-MATCH,gameplay/timer_zone
,void TimerZone_Update,gameplay,,SEMANTIC-MATCH,gameplay/timer_zone
,void TimerZone_Remove,gameplay,,SEMANTIC-MATCH,gameplay/timer_zone
,u32 TimerZone_GetCount,gameplay,,SEMANTIC-MATCH,gameplay/timer_zone
,void TimerZone_Clear,gameplay,,SEMANTIC-MATCH,gameplay/timer_zone
,void TimerZone_Reset,gameplay,,SEMANTIC-MATCH,gameplay/timer_zone
,void TitleCard_Init,gameplay,,SEMANTIC-MATCH,gameplay/title_card
,void TitleCard_Start,gameplay,,SEMANTIC-MATCH,gameplay/title_card
,s32 TitleCard_Update,gameplay,,SEMANTIC-MATCH,gameplay/title_card
,void TitleCard_Draw,gameplay,,SEMANTIC-MATCH,gameplay/title_card
,void TitleCard_Skip,gameplay,,SEMANTIC-MATCH,gameplay/title_card
,u32 TitleCard_GetState,gameplay,,SEMANTIC-MATCH,gameplay/title_card
,u32 TitleCard_GetTimer,gameplay,,SEMANTIC-MATCH,gameplay/title_card
,void TitleCard_Reset,gameplay,,SEMANTIC-MATCH,gameplay/title_card
,s32 TitleCard_IsComplete,gameplay,,SEMANTIC-MATCH,gameplay/titlecard
,u32 TitleCard_GetZone,gameplay,,SEMANTIC-MATCH,gameplay/titlecard
,u32 TitleCard_GetAct,gameplay,,SEMANTIC-MATCH,gameplay/titlecard
,u32 TitleCard_GetAlpha,gameplay,,SEMANTIC-MATCH,gameplay/titlecard
,void TitleCard_Stop,gameplay,,SEMANTIC-MATCH,gameplay/titlecard
,void TotalScore_Init,gameplay,,SEMANTIC-MATCH,gameplay/total_score
,void TotalScore_Start,gameplay,,SEMANTIC-MATCH,gameplay/total_score
,s32 TotalScore_Update,gameplay,,SEMANTIC-MATCH,gameplay/total_score
,void TotalScore_Draw,gameplay,,SEMANTIC-MATCH,gameplay/total_score
,void TotalScore_Skip,gameplay,,SEMANTIC-MATCH,gameplay/total_score
,u32 TotalScore_GetState,gameplay,,SEMANTIC-MATCH,gameplay/total_score
,void TotalScore_Reset,gameplay,,SEMANTIC-MATCH,gameplay/total_score
,void Trail_Init,gameplay,,SEMANTIC-MATCH,gameplay/trail
,void Trail_Start,gameplay,,SEMANTIC-MATCH,gameplay/trail
,void Trail_Update,gameplay,,SEMANTIC-MATCH,gameplay/trail
,void Trail_Draw,gameplay,,SEMANTIC-MATCH,gameplay/trail
,void Trail_Stop,gameplay,,SEMANTIC-MATCH,gameplay/trail
,s32 Trail_IsActive,gameplay,,SEMANTIC-MATCH,gameplay/trail
,u32 Trail_GetCount,gameplay,,SEMANTIC-MATCH,gameplay/trail
,u32 Trail_GetType,gameplay,,SEMANTIC-MATCH,gameplay/trail
,u32 Trail_GetEntityId,gameplay,,SEMANTIC-MATCH,gameplay/trail
,void Trail_Clear,gameplay,,SEMANTIC-MATCH,gameplay/trail
,void Trail_Reset,gameplay,,SEMANTIC-MATCH,gameplay/trail
,void TrailFX_Init,gameplay,,SEMANTIC-MATCH,gameplay/trail_fx
,s32 TrailFX_Add,gameplay,,SEMANTIC-MATCH,gameplay/trail_fx
,void TrailFX_Update,gameplay,,SEMANTIC-MATCH,gameplay/trail_fx
,void TrailFX_Draw,gameplay,,SEMANTIC-MATCH,gameplay/trail_fx
,void TrailFX_Remove,gameplay,,SEMANTIC-MATCH,gameplay/trail_fx
,u32 TrailFX_GetCount,gameplay,,SEMANTIC-MATCH,gameplay/trail_fx
,void TrailFX_Clear,gameplay,,SEMANTIC-MATCH,gameplay/trail_fx
,void TrailFX_Reset,gameplay,,SEMANTIC-MATCH,gameplay/trail_fx
,void TrickBonus_Init,gameplay,,SEMANTIC-MATCH,gameplay/trick_bonus
,void TrickBonus_Add,gameplay,,SEMANTIC-MATCH,gameplay/trick_bonus
,void TrickBonus_Update,gameplay,,SEMANTIC-MATCH,gameplay/trick_bonus
,void TrickBonus_Remove,gameplay,,SEMANTIC-MATCH,gameplay/trick_bonus
,u32 TrickBonus_GetCount,gameplay,,SEMANTIC-MATCH,gameplay/trick_bonus
,void TrickBonus_Clear,gameplay,,SEMANTIC-MATCH,gameplay/trick_bonus
,void TrickBonus_Reset,gameplay,,SEMANTIC-MATCH,gameplay/trick_bonus
,void TrickChain_Init,gameplay,,SEMANTIC-MATCH,gameplay/trick_chain
,void TrickChain_Add,gameplay,,SEMANTIC-MATCH,gameplay/trick_chain
,void TrickChain_Update,gameplay,,SEMANTIC-MATCH,gameplay/trick_chain
,void TrickChain_Reset,gameplay,,SEMANTIC-MATCH,gameplay/trick_chain
,u32 TrickChain_GetCount,gameplay,,SEMANTIC-MATCH,gameplay/trick_chain
,u32 TrickChain_GetScore,gameplay,,SEMANTIC-MATCH,gameplay/trick_chain
,u32 TrickChain_GetTimer,gameplay,,SEMANTIC-MATCH,gameplay/trick_chain
,u32 TrickChain_GetProgress,gameplay,,SEMANTIC-MATCH,gameplay/trick_chain
,u32 TrickChain_GetBonus,gameplay,,SEMANTIC-MATCH,gameplay/trick_chain
,s32 TrickChain_IsActive,gameplay,,SEMANTIC-MATCH,gameplay/trick_chain
,u32 TrickChain_GetTrickId,gameplay,,SEMANTIC-MATCH,gameplay/trick_chain
,u32 TrickChain_GetTrickScore,gameplay,,SEMANTIC-MATCH,gameplay/trick_chain
,void TrickChain_RemoveLast,gameplay,,SEMANTIC-MATCH,gameplay/trick_chain
,void TrickNameDisplay_Init,gameplay,,SEMANTIC-MATCH,gameplay/trick_name_display
,void TrickNameDisplay_SetPosition,gameplay,,SEMANTIC-MATCH,gameplay/trick_name_display
,void TrickNameDisplay_Start,gameplay,,SEMANTIC-MATCH,gameplay/trick_name_display
,void TrickNameDisplay_Update,gameplay,,SEMANTIC-MATCH,gameplay/trick_name_display
,void TrickNameDisplay_Draw,gameplay,,SEMANTIC-MATCH,gameplay/trick_name_display
,void TrickNameDisplay_Stop,gameplay,,SEMANTIC-MATCH,gameplay/trick_name_display
,s32 TrickNameDisplay_IsVisible,gameplay,,SEMANTIC-MATCH,gameplay/trick_name_display
,u32 TrickNameDisplay_GetTimer,gameplay,,SEMANTIC-MATCH,gameplay/trick_name_display
,void TrickNameDisplay_Reset,gameplay,,SEMANTIC-MATCH,gameplay/trick_name_display
,void TrickSparkle_Init,gameplay,,SEMANTIC-MATCH,gameplay/trick_sparkle
,s32 TrickSparkle_Spawn,gameplay,,SEMANTIC-MATCH,gameplay/trick_sparkle
,void TrickSparkle_Update,gameplay,,SEMANTIC-MATCH,gameplay/trick_sparkle
,void TrickSparkle_Draw,gameplay,,SEMANTIC-MATCH,gameplay/trick_sparkle
,void TrickSparkle_Remove,gameplay,,SEMANTIC-MATCH,gameplay/trick_sparkle
,u32 TrickSparkle_GetCount,gameplay,,SEMANTIC-MATCH,gameplay/trick_sparkle
,s32 TrickSparkle_IsActive,gameplay,,SEMANTIC-MATCH,gameplay/trick_sparkle
,u32 TrickSparkle_GetType,gameplay,,SEMANTIC-MATCH,gameplay/trick_sparkle
,void TrickSparkle_SpawnBurst,gameplay,,SEMANTIC-MATCH,gameplay/trick_sparkle
,void TrickSparkle_Clear,gameplay,,SEMANTIC-MATCH,gameplay/trick_sparkle
,void TrickUI_Init,gameplay,,SEMANTIC-MATCH,gameplay/trick_ui
,void TrickUI_Start,gameplay,,SEMANTIC-MATCH,gameplay/trick_ui
,void TrickUI_Update,gameplay,,SEMANTIC-MATCH,gameplay/trick_ui
,void TrickUI_Draw,gameplay,,SEMANTIC-MATCH,gameplay/trick_ui
,void TrickUI_Stop,gameplay,,SEMANTIC-MATCH,gameplay/trick_ui
,s32 TrickUI_IsActive,gameplay,,SEMANTIC-MATCH,gameplay/trick_ui
,u32 TrickUI_GetTrickId,gameplay,,SEMANTIC-MATCH,gameplay/trick_ui
,u32 TrickUI_GetScore,gameplay,,SEMANTIC-MATCH,gameplay/trick_ui
,u32 TrickUI_GetTimer,gameplay,,SEMANTIC-MATCH,gameplay/trick_ui
,void TrickUI_Reset,gameplay,,SEMANTIC-MATCH,gameplay/trick_ui
,void Vine_Init,gameplay,,SEMANTIC-MATCH,gameplay/vine
,s32 Vine_Add,gameplay,,SEMANTIC-MATCH,gameplay/vine
,void Vine_Update,gameplay,,SEMANTIC-MATCH,gameplay/vine
,void Vine_Remove,gameplay,,SEMANTIC-MATCH,gameplay/vine
,u32 Vine_GetCount,gameplay,,SEMANTIC-MATCH,gameplay/vine
,void Vine_Clear,gameplay,,SEMANTIC-MATCH,gameplay/vine
,void Vine_Reset,gameplay,,SEMANTIC-MATCH,gameplay/vine
,void WallSlideDust_Init,gameplay,,SEMANTIC-MATCH,gameplay/wall_slide_dust
,s32 WallSlideDust_Spawn,gameplay,,SEMANTIC-MATCH,gameplay/wall_slide_dust
,void WallSlideDust_Update,gameplay,,SEMANTIC-MATCH,gameplay/wall_slide_dust
,void WallSlideDust_Draw,gameplay,,SEMANTIC-MATCH,gameplay/wall_slide_dust
,void WallSlideDust_Remove,gameplay,,SEMANTIC-MATCH,gameplay/wall_slide_dust
,u32 WallSlideDust_GetCount,gameplay,,SEMANTIC-MATCH,gameplay/wall_slide_dust
,s32 WallSlideDust_IsActive,gameplay,,SEMANTIC-MATCH,gameplay/wall_slide_dust
,void WallSlideDust_GetPosition,gameplay,,SEMANTIC-MATCH,gameplay/wall_slide_dust
,void WallSlideDust_SpawnAt,gameplay,,SEMANTIC-MATCH,gameplay/wall_slide_dust
,void WallSlideDust_Clear,gameplay,,SEMANTIC-MATCH,gameplay/wall_slide_dust
,void WarpGate_Init,gameplay,,SEMANTIC-MATCH,gameplay/warp_gate
,s32 WarpGate_Add,gameplay,,SEMANTIC-MATCH,gameplay/warp_gate
,void WarpGate_Update,gameplay,,SEMANTIC-MATCH,gameplay/warp_gate
,void WarpGate_Remove,gameplay,,SEMANTIC-MATCH,gameplay/warp_gate
,u32 WarpGate_GetCount,gameplay,,SEMANTIC-MATCH,gameplay/warp_gate
,void WarpGate_Clear,gameplay,,SEMANTIC-MATCH,gameplay/warp_gate
,void WarpGate_Reset,gameplay,,SEMANTIC-MATCH,gameplay/warp_gate
,void WaterEffect_Init,gameplay,,SEMANTIC-MATCH,gameplay/water_effect
,void WaterEffect_Start,gameplay,,SEMANTIC-MATCH,gameplay/water_effect
,void WaterEffect_Stop,gameplay,,SEMANTIC-MATCH,gameplay/water_effect
,void WaterEffect_Update,gameplay,,SEMANTIC-MATCH,gameplay/water_effect
,s32 WaterEffect_IsActive,gameplay,,SEMANTIC-MATCH,gameplay/water_effect
,s32 WaterEffect_GetLevel,gameplay,,SEMANTIC-MATCH,gameplay/water_effect
,void WaterEffect_Reset,gameplay,,SEMANTIC-MATCH,gameplay/water_effect
,void WaterOverlay_Init,gameplay,,SEMANTIC-MATCH,gameplay/water_overlay
,void WaterOverlay_Start,gameplay,,SEMANTIC-MATCH,gameplay/water_overlay
,void WaterOverlay_Stop,gameplay,,SEMANTIC-MATCH,gameplay/water_overlay
,void WaterOverlay_Update,gameplay,,SEMANTIC-MATCH,gameplay/water_overlay
,void WaterOverlay_Draw,gameplay,,SEMANTIC-MATCH,gameplay/water_overlay
,s32 WaterOverlay_IsActive,gameplay,,SEMANTIC-MATCH,gameplay/water_overlay
,void WaterOverlay_Reset,gameplay,,SEMANTIC-MATCH,gameplay/water_overlay
,void WaterSurf_Init,gameplay,,SEMANTIC-MATCH,gameplay/water_surf
,void WaterSurf_Start,gameplay,,SEMANTIC-MATCH,gameplay/water_surf
,void WaterSurf_Stop,gameplay,,SEMANTIC-MATCH,gameplay/water_surf
,s32 WaterSurf_GetY,gameplay,,SEMANTIC-MATCH,gameplay/water_surf
,s32 WaterSurf_IsActive,gameplay,,SEMANTIC-MATCH,gameplay/water_surf
,s32 WaterSurf_GetBaseY,gameplay,,SEMANTIC-MATCH,gameplay/water_surf
,s32 WaterSurf_GetAmp,gameplay,,SEMANTIC-MATCH,gameplay/water_surf
,s32 WaterSurf_GetSpeed,gameplay,,SEMANTIC-MATCH,gameplay/water_surf
,void WaterSurf_Reset,gameplay,,SEMANTIC-MATCH,gameplay/water_surf
,void Whirlpool_Init,gameplay,,SEMANTIC-MATCH,gameplay/whirlpool
,s32 Whirlpool_Add,gameplay,,SEMANTIC-MATCH,gameplay/whirlpool
,void Whirlpool_Update,gameplay,,SEMANTIC-MATCH,gameplay/whirlpool
,void Whirlpool_Remove,gameplay,,SEMANTIC-MATCH,gameplay/whirlpool
,u32 Whirlpool_GetCount,gameplay,,SEMANTIC-MATCH,gameplay/whirlpool
,void Whirlpool_Clear,gameplay,,SEMANTIC-MATCH,gameplay/whirlpool
,void Whirlpool_Reset,gameplay,,SEMANTIC-MATCH,gameplay/whirlpool
,void ZoneMgr_Init,gameplay,,SEMANTIC-MATCH,gameplay/zone_mgr
,void ZoneMgr_LoadZone,gameplay,,SEMANTIC-MATCH,gameplay/zone_mgr
,void ZoneMgr_SetZone,gameplay,,SEMANTIC-MATCH,gameplay/zone_mgr
,u32 ZoneMgr_GetZone,gameplay,,SEMANTIC-MATCH,gameplay/zone_mgr
,u32 ZoneMgr_GetAct,gameplay,,SEMANTIC-MATCH,gameplay/zone_mgr
,s32 ZoneMgr_IsLoaded,gameplay,,SEMANTIC-MATCH,gameplay/zone_mgr
,void ZoneMgr_Reset,gameplay,,SEMANTIC-MATCH,gameplay/zone_mgr
,void ZoomCamera_Init,gameplay,,SEMANTIC-MATCH,gameplay/zoom_camera
,void ZoomCamera_SetTarget,gameplay,,SEMANTIC-MATCH,gameplay/zoom_camera
,void ZoomCamera_Update,gameplay,,SEMANTIC-MATCH,gameplay/zoom_camera
,void ZoomCamera_Stop,gameplay,,SEMANTIC-MATCH,gameplay/zoom_camera
,s32 ZoomCamera_IsActive,gameplay,,SEMANTIC-MATCH,gameplay/zoom_camera
,u32 ZoomCamera_GetZoom,gameplay,,SEMANTIC-MATCH,gameplay/zoom_camera
,u32 ZoomCamera_GetTarget,gameplay,,SEMANTIC-MATCH,gameplay/zoom_camera
,void ZoomCamera_SetZoom,gameplay,,SEMANTIC-MATCH,gameplay/zoom_camera
,u32 ZoomCamera_GetProgress,gameplay,,SEMANTIC-MATCH,gameplay/zoom_camera
,void ZoomCamera_Reset,gameplay,,SEMANTIC-MATCH,gameplay/zoom_camera
,void Input_DebounceEdgeRead,input,,SEMANTIC-MATCH,input/input_debounce
,u32 Input_PressEdge,input,,SEMANTIC-MATCH,input/input_edge
,u32 Input_ReleaseEdge,input,,SEMANTIC-MATCH,input/input_edge
,u32 Input_HeldRepeat,input,,SEMANTIC-MATCH,input/input_edge
,u32 Input_DpadRead,input,,SEMANTIC-MATCH,input/input_edge
,int Input_SetRepeatDelay,input,,SEMANTIC-MATCH,input/input_init
,int Input_SubsysInit,input,,SEMANTIC-MATCH,input/input_init
,void ObjectList_WalkAll,object_list,,SEMANTIC-MATCH,object_list/object_list
,int ObjectList_Insert,object_list,,SEMANTIC-MATCH,object_list/object_list
,int ObjectList_CameraSpaceLookup,object_list,,SEMANTIC-MATCH,object_list/object_list
,void ObjectList_Insert,object_list,,SEMANTIC-MATCH,object_list/object_list_helpers
,void ObjectList_Remove,object_list,,SEMANTIC-MATCH,object_list/object_list_helpers
,void ObjectBehavior_Init,object,,SEMANTIC-MATCH,object/object_behavior
,void ObjectBehavior_Update,object,,SEMANTIC-MATCH,object/object_behavior
,u32 ObjectBehavior_Get,object,,SEMANTIC-MATCH,object/object_behavior
,void ObjectBehavior_Set,object,,SEMANTIC-MATCH,object/object_behavior
,u32 ObjectBehavior_GetState,object,,SEMANTIC-MATCH,object/object_behavior
,void ObjectBehavior_SetState,object,,SEMANTIC-MATCH,object/object_behavior
,u32 ObjectBehavior_GetTimer,object,,SEMANTIC-MATCH,object/object_behavior
,s32 ObjectBehavior_Is,object,,SEMANTIC-MATCH,object/object_behavior
,void ObjectInteraction_Init,object,,SEMANTIC-MATCH,object/object_interaction
,void ObjectInteraction_SetType,object,,SEMANTIC-MATCH,object/object_interaction
,u32 ObjectInteraction_GetType,object,,SEMANTIC-MATCH,object/object_interaction
,void ObjectInteraction_SetHandler(void *object, void (*handler),object,,SEMANTIC-MATCH,object/object_interaction
,s32 ObjectInteraction_Check,object,,SEMANTIC-MATCH,object/object_interaction
,void ObjectInteraction_Execute,object,,SEMANTIC-MATCH,object/object_interaction
,void ObjectInteraction_SetRange,object,,SEMANTIC-MATCH,object/object_interaction
,s32 ObjectInteraction_GetRange,object,,SEMANTIC-MATCH,object/object_interaction
,void ObjectInteraction_SetFlags,object,,SEMANTIC-MATCH,object/object_interaction
,u32 ObjectInteraction_GetFlags,object,,SEMANTIC-MATCH,object/object_interaction
,void ObjectPhysics_Init,object,,SEMANTIC-MATCH,object/object_physics
,void ObjectPhysics_Update,object,,SEMANTIC-MATCH,object/object_physics
,void ObjectPhysics_SetVelocity,object,,SEMANTIC-MATCH,object/object_physics
,void ObjectPhysics_GetVelocity,object,,SEMANTIC-MATCH,object/object_physics
,void ObjectPhysics_SetAcceleration,object,,SEMANTIC-MATCH,object/object_physics
,void ObjectPhysics_Stop,object,,SEMANTIC-MATCH,object/object_physics
,void ObjectPhysics_ApplyFriction,object,,SEMANTIC-MATCH,object/object_physics
,void ObjectPhysics_ApplyBounce,object,,SEMANTIC-MATCH,object/object_physics
,s32 ObjectPhysics_IsMoving,object,,SEMANTIC-MATCH,object/object_physics
,s32 ObjectPhysics_GetSpeed,object,,SEMANTIC-MATCH,object/object_physics
,void ObjectRender_Init,object,,SEMANTIC-MATCH,object/object_render
,void ObjectRender_SetSprite,object,,SEMANTIC-MATCH,object/object_render
,void ObjectRender_Update,object,,SEMANTIC-MATCH,object/object_render
,void ObjectRender_Draw,object,,SEMANTIC-MATCH,object/object_render
,void ObjectRender_SetFrame,object,,SEMANTIC-MATCH,object/object_render
,void ObjectRender_SetFlags,object,,SEMANTIC-MATCH,object/object_render
,void ObjectRender_SetFlip,object,,SEMANTIC-MATCH,object/object_render
,void ObjectRender_SetAlpha,object,,SEMANTIC-MATCH,object/object_render
,void ObjectRender_Hide,object,,SEMANTIC-MATCH,object/object_render
,void ObjectRender_Show,object,,SEMANTIC-MATCH,object/object_render
,u32 ObjSpawn_FromTable,object,,SEMANTIC-MATCH,object/object_spawn
,void ObjSpawn_Queue,object,,SEMANTIC-MATCH,object/object_spawn
,void ObjDraw,object,,SEMANTIC-MATCH,object/object_update
,void ObjMainUpdate,object,,SEMANTIC-MATCH,object/object_update
,void ObjBehavior,object,,SEMANTIC-MATCH,object/object_update
,void PlayerAnim_Init,player,,SEMANTIC-MATCH,player/player_anim
,void PlayerAnim_Set,player,,SEMANTIC-MATCH,player/player_anim
,void PlayerAnim_Update,player,,SEMANTIC-MATCH,player/player_anim
,u32 PlayerAnim_Get,player,,SEMANTIC-MATCH,player/player_anim
,u32 PlayerAnim_GetFrame,player,,SEMANTIC-MATCH,player/player_anim
,s32 PlayerAnim_IsComplete,player,,SEMANTIC-MATCH,player/player_anim
,void PlayerAnim_Force,player,,SEMANTIC-MATCH,player/player_anim
,s32 PlayerAnim_Is,player,,SEMANTIC-MATCH,player/player_anim
,void PlayerCamera_Init,player,,SEMANTIC-MATCH,player/player_camera
,void PlayerCamera_Update,player,,SEMANTIC-MATCH,player/player_camera
,void PlayerCamera_SetTarget,player,,SEMANTIC-MATCH,player/player_camera
,void PlayerCamera_GetTarget,player,,SEMANTIC-MATCH,player/player_camera
,void PlayerCamera_GetScroll,player,,SEMANTIC-MATCH,player/player_camera
,void PlayerCamera_SetScroll,player,,SEMANTIC-MATCH,player/player_camera
,void PlayerCamera_Shake,player,,SEMANTIC-MATCH,player/player_camera
,void PlayerCamera_Lock,player,,SEMANTIC-MATCH,player/player_camera
,void PlayerCamera_Unlock,player,,SEMANTIC-MATCH,player/player_camera
,void PlayerCamera_GetBounds,player,,SEMANTIC-MATCH,player/player_camera
,int Player_BusyGate,player,,SEMANTIC-MATCH,player/player_core
,void Player_Destroy,player,,SEMANTIC-MATCH,player/player_core
,void Player_Update,player,,SEMANTIC-MATCH,player/player_core
,void Movement_Iterate,player,,SEMANTIC-MATCH,player/player_core
,void Action_Dispatch,player,,SEMANTIC-MATCH,player/player_core
,void Action_DecrementTimer,player,,SEMANTIC-MATCH,player/player_core
,void PlayerDebug_Init,player,,SEMANTIC-MATCH,player/player_debug
,void PlayerDebug_Update,player,,SEMANTIC-MATCH,player/player_debug
,void PlayerDebug_Draw,player,,SEMANTIC-MATCH,player/player_debug
,void PlayerDebug_SetFlag,player,,SEMANTIC-MATCH,player/player_debug
,void PlayerDebug_ClearFlag,player,,SEMANTIC-MATCH,player/player_debug
,s32 PlayerDebug_CheckFlag,player,,SEMANTIC-MATCH,player/player_debug
,void PlayerDebug_PrintPosition,player,,SEMANTIC-MATCH,player/player_debug
,void PlayerEffect_Init,player,,SEMANTIC-MATCH,player/player_effect
,void PlayerEffect_Add,player,,SEMANTIC-MATCH,player/player_effect
,void PlayerEffect_Remove,player,,SEMANTIC-MATCH,player/player_effect
,void PlayerEffect_Update,player,,SEMANTIC-MATCH,player/player_effect
,void PlayerEffect_UpdateType,player,,SEMANTIC-MATCH,player/player_effect
,void PlayerEffect_UpdateInvincibility,player,,SEMANTIC-MATCH,player/player_effect
,void PlayerEffect_UpdateSpeedBoost,player,,SEMANTIC-MATCH,player/player_effect
,void PlayerEffect_UpdateShield,player,,SEMANTIC-MATCH,player/player_effect
,s32 PlayerEffect_Has,player,,SEMANTIC-MATCH,player/player_effect
,void PlayerEffect_Clear,player,,SEMANTIC-MATCH,player/player_effect
,void HomingAttack_Init,player,,SEMANTIC-MATCH,player/player_homing
,void HomingAttack_Update,player,,SEMANTIC-MATCH,player/player_homing
,void HomingAttack_End,player,,SEMANTIC-MATCH,player/player_homing
,void HomingAttack_HitTarget,player,,SEMANTIC-MATCH,player/player_homing
,void PlayerInput_Init,player,,SEMANTIC-MATCH,player/player_input
,void PlayerInput_Update,player,,SEMANTIC-MATCH,player/player_input
,void PlayerInput_Process,player,,SEMANTIC-MATCH,player/player_input
,u32 PlayerInput_GetHeld,player,,SEMANTIC-MATCH,player/player_input
,u32 PlayerInput_GetPressed,player,,SEMANTIC-MATCH,player/player_input
,u32 PlayerInput_GetReleased,player,,SEMANTIC-MATCH,player/player_input
,u32 PlayerInput_GetFlags,player,,SEMANTIC-MATCH,player/player_input
,s32 PlayerInput_CheckFlag,player,,SEMANTIC-MATCH,player/player_input
,s32 PlayerInput_IsLeft,player,,SEMANTIC-MATCH,player/player_input
,s32 PlayerInput_IsRight,player,,SEMANTIC-MATCH,player/player_input
,s32 PlayerInput_IsUp,player,,SEMANTIC-MATCH,player/player_input
,s32 PlayerInput_IsDown,player,,SEMANTIC-MATCH,player/player_input
,s32 PlayerInput_IsJump,player,,SEMANTIC-MATCH,player/player_input
,void PlayerMisc_Init,player,,SEMANTIC-MATCH,player/player_misc
,void PlayerMisc_Update,player,,SEMANTIC-MATCH,player/player_misc
,u32 PlayerMisc_GetTimer,player,,SEMANTIC-MATCH,player/player_misc
,void PlayerMisc_SetTimer,player,,SEMANTIC-MATCH,player/player_misc
,u32 PlayerMisc_GetFlags,player,,SEMANTIC-MATCH,player/player_misc
,void PlayerMisc_SetFlags,player,,SEMANTIC-MATCH,player/player_misc
,s32 PlayerMisc_CheckFlag,player,,SEMANTIC-MATCH,player/player_misc
,void PlayerMisc_Reset,player,,SEMANTIC-MATCH,player/player_misc
,void Player_VelocityInjection,player,,SEMANTIC-MATCH,player/player_movement
,void Player_MovementAccelHandler,player,,SEMANTIC-MATCH,player/player_movement
,void Player_MovementCollisionResolution,player,,SEMANTIC-MATCH,player/player_movement
,s32 Player_GroundCollisionSlopeSnap,player,,SEMANTIC-MATCH,player/player_movement
,void Player_CharController,player,,SEMANTIC-MATCH,player/player_movement
,s32 Player_LookupAccelScale,player,,SEMANTIC-MATCH,player/player_physics_lookup
,s32 Player_LookupSlopeTable,player,,SEMANTIC-MATCH,player/player_physics_lookup
,s32 Player_DriftTableLookup,player,,SEMANTIC-MATCH,player/player_physics_lookup
,void Roll_Init,player,,SEMANTIC-MATCH,player/player_roll_dash
,void Roll_Update,player,,SEMANTIC-MATCH,player/player_roll_dash
,void Roll_End,player,,SEMANTIC-MATCH,player/player_roll_dash
,void Dash_Init,player,,SEMANTIC-MATCH,player/player_roll_dash
,void Dash_Update,player,,SEMANTIC-MATCH,player/player_roll_dash
,void Dash_End,player,,SEMANTIC-MATCH,player/player_roll_dash
,void Slide_Init,player,,SEMANTIC-MATCH,player/player_slide_grind
,void Slide_Update,player,,SEMANTIC-MATCH,player/player_slide_grind
,void Slide_End,player,,SEMANTIC-MATCH,player/player_slide_grind
,void Grind_Init,player,,SEMANTIC-MATCH,player/player_slide_grind
,void Grind_Update,player,,SEMANTIC-MATCH,player/player_slide_grind
,void Grind_End,player,,SEMANTIC-MATCH,player/player_slide_grind
,void PlayerSound_Init,player,,SEMANTIC-MATCH,player/player_sound
,void PlayerSound_Play,player,,SEMANTIC-MATCH,player/player_sound
,void PlayerSound_Stop,player,,SEMANTIC-MATCH,player/player_sound
,void PlayerSound_PlayJump,player,,SEMANTIC-MATCH,player/player_sound
,void PlayerSound_PlayRoll,player,,SEMANTIC-MATCH,player/player_sound
,void PlayerSound_PlayDash,player,,SEMANTIC-MATCH,player/player_sound
,void PlayerSound_PlaySkid,player,,SEMANTIC-MATCH,player/player_sound
,void PlayerSound_PlayRing,player,,SEMANTIC-MATCH,player/player_sound
,void PlayerSound_PlayHurt,player,,SEMANTIC-MATCH,player/player_sound
,void PlayerSound_PlayDeath,player,,SEMANTIC-MATCH,player/player_sound
,void PlayerSound_PlayTrick,player,,SEMANTIC-MATCH,player/player_sound
,void PlayerSound_PlayBoost,player,,SEMANTIC-MATCH,player/player_sound
,void PlayerSound_StopAll,player,,SEMANTIC-MATCH,player/player_sound
,void PauseController_Update,player,,SEMANTIC-MATCH,player/player_spawn
,void PauseController_Draw,player,,SEMANTIC-MATCH,player/player_spawn
,void PauseController_Init,player,,SEMANTIC-MATCH,player/player_spawn
,void Player_Init,player,,SEMANTIC-MATCH,player/player_spawn
,u32 Player_GetState,player,,SEMANTIC-MATCH,player/player_state
,void Player_SetState,player,,SEMANTIC-MATCH,player/player_state
,s32 Player_IsGrounded,player,,SEMANTIC-MATCH,player/player_state
,s32 Player_IsAlive,player,,SEMANTIC-MATCH,player/player_state
,void Stomp_Init,player,,SEMANTIC-MATCH,player/player_stomp
,void Stomp_Update,player,,SEMANTIC-MATCH,player/player_stomp
,void Stomp_Bounce,player,,SEMANTIC-MATCH,player/player_stomp
,void Stomp_End,player,,SEMANTIC-MATCH,player/player_stomp
,void Stomp_BounceOffEnemy,player,,SEMANTIC-MATCH,player/player_stomp
,void PlayerTrail_Init,player,,SEMANTIC-MATCH,player/player_trail
,void PlayerTrail_Update,player,,SEMANTIC-MATCH,player/player_trail
,void PlayerTrail_Add,player,,SEMANTIC-MATCH,player/player_trail
,void PlayerTrail_Draw,player,,SEMANTIC-MATCH,player/player_trail
,void PlayerTrail_Clear,player,,SEMANTIC-MATCH,player/player_trail
,u32 PlayerTrail_GetCount,player,,SEMANTIC-MATCH,player/player_trail
,void PlayerTrail_GetPoint,player,,SEMANTIC-MATCH,player/player_trail
,void Trick_Init,player,,SEMANTIC-MATCH,player/player_trick
,void Trick_Update,player,,SEMANTIC-MATCH,player/player_trick
,void Trick_End,player,,SEMANTIC-MATCH,player/player_trick
,u32 Trick_GetRotation,player,,SEMANTIC-MATCH,player/player_trick
,s32 Trick_IsActive,player,,SEMANTIC-MATCH,player/player_trick
,s32 WallJump_Check,player,,SEMANTIC-MATCH,player/player_walljump
,void WallJump_Init,player,,SEMANTIC-MATCH,player/player_walljump
,void WallJump_Update,player,,SEMANTIC-MATCH,player/player_walljump
,void WallJump_End,player,,SEMANTIC-MATCH,player/player_walljump
,void WallSlide_Init,player,,SEMANTIC-MATCH,player/player_walljump
,void WallSlide_Update,player,,SEMANTIC-MATCH,player/player_walljump
,void WallSlide_End,player,,SEMANTIC-MATCH,player/player_walljump
,s32 WallJump_CheckWallContact,player,,SEMANTIC-MATCH,player/player_walljump
,void AudioStream_Init,sound,,SEMANTIC-MATCH,sound/audio_stream
,void AudioStream_Update,sound,,SEMANTIC-MATCH,sound/audio_stream
,void AudioStream_Draw,sound,,SEMANTIC-MATCH,sound/audio_stream
,void AudioStream_LoadData,sound,,SEMANTIC-MATCH,sound/audio_stream
,void AudioStream_InitMixer,sound,,SEMANTIC-MATCH,sound/audio_stream
,void AudioStream_Start,sound,,SEMANTIC-MATCH,sound/audio_stream
,void AudioStream_Stop,sound,,SEMANTIC-MATCH,sound/audio_stream
,void AudioStream_RefillBuffer,sound,,SEMANTIC-MATCH,sound/audio_stream
,s32 AudioStream_CheckEnd,sound,,SEMANTIC-MATCH,sound/audio_stream
,void AudioStream_UpdateVolume,sound,,SEMANTIC-MATCH,sound/audio_stream
,void Sound_ChannelConfig,sound,,SEMANTIC-MATCH,sound/sound
,int Sound_LoadTrack,sound,,SEMANTIC-MATCH,sound/sound
,int Sound_PlayEffect,sound,,SEMANTIC-MATCH,sound/sound
,void SoundChannel_Init,sound,,SEMANTIC-MATCH,sound/sound_channel
,s32 SoundChannel_Alloc,sound,,SEMANTIC-MATCH,sound/sound_channel
,void SoundChannel_Free,sound,,SEMANTIC-MATCH,sound/sound_channel
,void SoundChannel_Play,sound,,SEMANTIC-MATCH,sound/sound_channel
,void SoundChannel_Stop,sound,,SEMANTIC-MATCH,sound/sound_channel
,void SoundChannel_SetVolume,sound,,SEMANTIC-MATCH,sound/sound_channel
,void SoundChannel_SetPitch,sound,,SEMANTIC-MATCH,sound/sound_channel
,void SoundEffect_Init,sound,,SEMANTIC-MATCH,sound/sound_effect
,void SoundEffect_Play,sound,,SEMANTIC-MATCH,sound/sound_effect
,void SoundEffect_Stop,sound,,SEMANTIC-MATCH,sound/sound_effect
,void SoundEffect_StopAll,sound,,SEMANTIC-MATCH,sound/sound_effect
,void SoundEffect_SetVolume,sound,,SEMANTIC-MATCH,sound/sound_effect
,void SoundEffect_Mute,sound,,SEMANTIC-MATCH,sound/sound_effect
,s32 SoundEffect_IsPlaying,sound,,SEMANTIC-MATCH,sound/sound_effect
,void SoundMusic_Init,sound,,SEMANTIC-MATCH,sound/sound_music
,void SoundMusic_Play,sound,,SEMANTIC-MATCH,sound/sound_music
,void SoundMusic_Stop,sound,,SEMANTIC-MATCH,sound/sound_music
,void SoundMusic_Update,sound,,SEMANTIC-MATCH,sound/sound_music
,void SoundMusic_SetVolume,sound,,SEMANTIC-MATCH,sound/sound_music
,void SoundMusic_Pause,sound,,SEMANTIC-MATCH,sound/sound_music
,void SoundMusic_Resume,sound,,SEMANTIC-MATCH,sound/sound_music
,s32 SoundMusic_IsPlaying,sound,,SEMANTIC-MATCH,sound/sound_music
,void SoundVolume_Init,sound,,SEMANTIC-MATCH,sound/sound_volume
,void SoundVolume_SetMaster,sound,,SEMANTIC-MATCH,sound/sound_volume
,void SoundVolume_SetMusic,sound,,SEMANTIC-MATCH,sound/sound_volume
,void SoundVolume_SetSfx,sound,,SEMANTIC-MATCH,sound/sound_volume
,u32 SoundVolume_GetMaster,sound,,SEMANTIC-MATCH,sound/sound_volume
,u32 SoundVolume_GetMusic,sound,,SEMANTIC-MATCH,sound/sound_volume
,u32 SoundVolume_GetSfx,sound,,SEMANTIC-MATCH,sound/sound_volume
,u32 SoundVolume_Apply,sound,,SEMANTIC-MATCH,sound/sound_volume
,s32 EventTrigger_Check,stage,,SEMANTIC-MATCH,stage/event_trigger
,void EventTrigger_Fire,stage,,SEMANTIC-MATCH,stage/event_trigger
,u32 EntityList_GetCount,stage,,SEMANTIC-MATCH,stage/event_trigger
,void EntityList_SortByPriority,stage,,SEMANTIC-MATCH,stage/event_trigger
,void EntityList_RemoveAll,stage,,SEMANTIC-MATCH,stage/event_trigger
,u32 ModeState_Process,stage,,SEMANTIC-MATCH,stage/mode_state
,u32 ModeState_GetCurrent,stage,,SEMANTIC-MATCH,stage/mode_state
,void Mode_EnterGameplay,stage,,SEMANTIC-MATCH,stage/mode_state
,void Mode_EnterMenu,stage,,SEMANTIC-MATCH,stage/mode_state
,void Mode_EnterTransition,stage,,SEMANTIC-MATCH,stage/mode_state
,void StageCollision_Load,stage,,SEMANTIC-MATCH,stage/stage_collision
,u8 StageCollision_GetTile,stage,,SEMANTIC-MATCH,stage/stage_collision
,u8 StageCollision_GetSlope,stage,,SEMANTIC-MATCH,stage/stage_collision
,s32 StageCollision_GetHeight,stage,,SEMANTIC-MATCH,stage/stage_collision
,s32 StageCollision_Check,stage,,SEMANTIC-MATCH,stage/stage_collision
,s32 StageCollision_CheckPoint,stage,,SEMANTIC-MATCH,stage/stage_collision
,u32 StageCollision_GetWidth,stage,,SEMANTIC-MATCH,stage/stage_collision
,u32 StageCollision_GetHeightMap,stage,,SEMANTIC-MATCH,stage/stage_collision
,void StageEvent_Get,stage,,SEMANTIC-MATCH,stage/stage_event
,s32 StageEvent_GetById,stage,,SEMANTIC-MATCH,stage/stage_event
,s32 StageEvent_Check,stage,,SEMANTIC-MATCH,stage/stage_event
,void StageEvent_Fire,stage,,SEMANTIC-MATCH,stage/stage_event
,void StageLoad_DMAStageData,stage,,SEMANTIC-MATCH,stage/stage_load
,void StageLoad_ProcessData,stage,,SEMANTIC-MATCH,stage/stage_load
,s32 StageLoad_IsComplete,stage,,SEMANTIC-MATCH,stage/stage_load
,u32 StageLoad_GetProgress,stage,,SEMANTIC-MATCH,stage/stage_load
,u32 StageLoad_GetWidth,stage,,SEMANTIC-MATCH,stage/stage_load
,u32 StageLoad_GetHeight,stage,,SEMANTIC-MATCH,stage/stage_load
,u32 StageLoad_GetTileset,stage,,SEMANTIC-MATCH,stage/stage_load
,void StageRender_DrawTile,stage,,SEMANTIC-MATCH,stage/stage_render
,void StageRender_DrawLayer,stage,,SEMANTIC-MATCH,stage/stage_render
,void StageRender_DrawBackground,stage,,SEMANTIC-MATCH,stage/stage_render
,void StageRender_SetOffset,stage,,SEMANTIC-MATCH,stage/stage_render
,void StageRender_GetOffset,stage,,SEMANTIC-MATCH,stage/stage_render
,void StageRender_SetLayer,stage,,SEMANTIC-MATCH,stage/stage_render
,u32 StageRender_GetLayer,stage,,SEMANTIC-MATCH,stage/stage_render
,void Stage_SetTransition,stage,,SEMANTIC-MATCH,stage/stage_transition
,void Mode_FadeUpdate,stage,,SEMANTIC-MATCH,stage/stage_transition
,void Mode_FadeDestroy,stage,,SEMANTIC-MATCH,stage/stage_transition
,void Camera_ClampPlayer,system,,SEMANTIC-MATCH,system/camera_bounds
,void Camera_UpdateBounds,system,,SEMANTIC-MATCH,system/camera_bounds
,void Camera_FollowPlayer,system,,SEMANTIC-MATCH,system/camera
,void Camera_Update,system,,SEMANTIC-MATCH,system/camera
,void Camera_Init,system,,SEMANTIC-MATCH,system/camera
,void CameraCutscene_Draw,system,,SEMANTIC-MATCH,system/camera_cutscene
,void CameraCutscene_LoadPath,system,,SEMANTIC-MATCH,system/camera_cutscene
,void CameraCutscene_MoveAlongPath,system,,SEMANTIC-MATCH,system/camera_cutscene
,s32 CameraCutscene_CheckComplete,system,,SEMANTIC-MATCH,system/camera_cutscene
,void IRQ6_Channel6_NoopStub,system,,SEMANTIC-MATCH,system/core
,void Main_PerFrameLoop,system,,SEMANTIC-MATCH,system/core
,void System_Init,system,,SEMANTIC-MATCH,system/core
,void Display_Init,system,,SEMANTIC-MATCH,system/display_sound
,void Display_BacklightConfig,system,,SEMANTIC-MATCH,system/display_sound
,void Sound_Init,system,,SEMANTIC-MATCH,system/display_sound
,void DMA_ChainTransfer,system,,SEMANTIC-MATCH,system/dma_timer
,void Timer_Set,system,,SEMANTIC-MATCH,system/dma_timer
,u16 Timer_Get,system,,SEMANTIC-MATCH,system/dma_timer
,void HUD_Draw,system,,SEMANTIC-MATCH,system/hud
,void HwInit_Cart,system,,SEMANTIC-MATCH,system/hw_init_cart
,void HwInit_Card,system,,SEMANTIC-MATCH,system/hw_init_cart
,void HwInit_Display,system,,SEMANTIC-MATCH,system/hw_init_display
,void HwInit_PowerOn,system,,SEMANTIC-MATCH,system/hw_init_display
,void HwInit_Input,system,,SEMANTIC-MATCH,system/hw_init_input
,void HwInit_Touchscreen,system,,SEMANTIC-MATCH,system/hw_init_input
,void HwInit_Interrupts,system,,SEMANTIC-MATCH,system/hw_init_interrupts
,void HwInit_Timers,system,,SEMANTIC-MATCH,system/hw_init_interrupts
,void HwInit_DMA,system,,SEMANTIC-MATCH,system/hw_init_interrupts
,void HwInit_IPC,system,,SEMANTIC-MATCH,system/hw_init_ipc
,void HwInit_Mailbox,system,,SEMANTIC-MATCH,system/hw_init_ipc
,void HwInit_MathCP,system,,SEMANTIC-MATCH,system/hw_init_math
,void HwInit_MathDiv,system,,SEMANTIC-MATCH,system/hw_init_math
,void HwInit_MathSqrt,system,,SEMANTIC-MATCH,system/hw_init_math
,void HwInit_MemoryCtrl,system,,SEMANTIC-MATCH,system/hw_init_memory
,void HwInit_ExMemCnt,system,,SEMANTIC-MATCH,system/hw_init_memory
,void HwInit_Sound,system,,SEMANTIC-MATCH,system/hw_init_sound
,void HwInit_SoundCapture,system,,SEMANTIC-MATCH,system/hw_init_sound
,void IME_Enable,system,,SEMANTIC-MATCH,system/irq
,void IME_Disable,system,,SEMANTIC-MATCH,system/irq
,void IRQ_SetHandler(u32 irq_bit, void (*handler),system,,SEMANTIC-MATCH,system/irq
,void IRQ_Enable,system,,SEMANTIC-MATCH,system/irq
,void IRQ_Disable,system,,SEMANTIC-MATCH,system/irq
,void IRQ_Handler,system,,SEMANTIC-MATCH,system/irq
,void LevelSelect_Init,system,,SEMANTIC-MATCH,system/level_select
,s32 LevelSelect_Update,system,,SEMANTIC-MATCH,system/level_select
,void LevelSelect_Draw,system,,SEMANTIC-MATCH,system/level_select
,void LevelSelect_LoadGraphics,system,,SEMANTIC-MATCH,system/level_select
,void LevelSelect_InitList,system,,SEMANTIC-MATCH,system/level_select
,s32 Menu_Update,system,,SEMANTIC-MATCH,system/menu
,s32 Overlay_Load,system,,SEMANTIC-MATCH,system/overlay_loader
,s32 Overlay_Unload,system,,SEMANTIC-MATCH,system/overlay_loader
,void Save_Init,system,,SEMANTIC-MATCH,system/save
,s32 Save_Load,system,,SEMANTIC-MATCH,system/save
,void Save_Write,system,,SEMANTIC-MATCH,system/save
,u32 Save_CalculateChecksum,system,,SEMANTIC-MATCH,system/save
,void Subsystem_PerFrame,system,,SEMANTIC-MATCH,system/subsystem
,void PostEntityWalk,system,,SEMANTIC-MATCH,system/subsystem
,void Cache_Init,system,,SEMANTIC-MATCH,system/system_cache
,s32 Cache_Lookup,system,,SEMANTIC-MATCH,system/system_cache
,void Cache_Fill,system,,SEMANTIC-MATCH,system/system_cache
,void Cache_Invalidate,system,,SEMANTIC-MATCH,system/system_cache
,void Cache_InvalidateAll,system,,SEMANTIC-MATCH,system/system_cache
,u8 Cache_Read,system,,SEMANTIC-MATCH,system/system_cache
,void Cache_Write,system,,SEMANTIC-MATCH,system/system_cache
,void Callback_Init,system,,SEMANTIC-MATCH,system/system_callback
,s32 Callback_Register(void (*func),system,,SEMANTIC-MATCH,system/system_callback
,void Callback_Unregister,system,,SEMANTIC-MATCH,system/system_callback
,void Callback_Invoke,system,,SEMANTIC-MATCH,system/system_callback
,void Callback_InvokeAll,system,,SEMANTIC-MATCH,system/system_callback
,u32 Callback_GetCount,system,,SEMANTIC-MATCH,system/system_callback
,void Callback_Clear,system,,SEMANTIC-MATCH,system/system_callback
,void DMA_Init,system,,SEMANTIC-MATCH,system/system_dma
,s32 DMA_Transfer,system,,SEMANTIC-MATCH,system/system_dma
,void DMA_Stop,system,,SEMANTIC-MATCH,system/system_dma
,s32 DMA_IsActive,system,,SEMANTIC-MATCH,system/system_dma
,void DMA_SetCallback(u32 channel, void (*callback),system,,SEMANTIC-MATCH,system/system_dma
,void DMA_Handler,system,,SEMANTIC-MATCH,system/system_dma
,void Event_Init,system,,SEMANTIC-MATCH,system/system_event
,s32 Event_Register(u32 event_id, void (*handler),system,,SEMANTIC-MATCH,system/system_event
,void Event_Unregister,system,,SEMANTIC-MATCH,system/system_event
,void Event_Fire,system,,SEMANTIC-MATCH,system/system_event
,void Event_FireWithData,system,,SEMANTIC-MATCH,system/system_event
,u32 Event_GetCount,system,,SEMANTIC-MATCH,system/system_event
,void Event_Clear,system,,SEMANTIC-MATCH,system/system_event
,void Interrupt_Init,system,,SEMANTIC-MATCH,system/system_interrupt
,s32 Interrupt_Register(u32 interrupt_id, void (*handler),system,,SEMANTIC-MATCH,system/system_interrupt
,void Interrupt_Unregister,system,,SEMANTIC-MATCH,system/system_interrupt
,void Interrupt_Enable,system,,SEMANTIC-MATCH,system/system_interrupt
,void Interrupt_Disable,system,,SEMANTIC-MATCH,system/system_interrupt
,void Interrupt_Handler,system,,SEMANTIC-MATCH,system/system_interrupt
,void Interrupt_WaitVBlank,system,,SEMANTIC-MATCH,system/system_interrupt
,void Stack_Init,system,,SEMANTIC-MATCH,system/system_stack
,s32 Stack_Push,system,,SEMANTIC-MATCH,system/system_stack
,u32 Stack_Pop,system,,SEMANTIC-MATCH,system/system_stack
,u32 Stack_Peek,system,,SEMANTIC-MATCH,system/system_stack
,s32 Stack_IsEmpty,system,,SEMANTIC-MATCH,system/system_stack
,s32 Stack_IsFull,system,,SEMANTIC-MATCH,system/system_stack
,u32 Stack_GetSize,system,,SEMANTIC-MATCH,system/system_stack
,void Stack_Clear,system,,SEMANTIC-MATCH,system/system_stack
,void Task_Init,system,,SEMANTIC-MATCH,system/system_task
,s32 Task_Create(void (*func),system,,SEMANTIC-MATCH,system/system_task
,void Task_Destroy,system,,SEMANTIC-MATCH,system/system_task
,void Task_Update,system,,SEMANTIC-MATCH,system/system_task
,void Task_Pause,system,,SEMANTIC-MATCH,system/system_task
,void Task_Resume,system,,SEMANTIC-MATCH,system/system_task
,u32 Task_GetCount,system,,SEMANTIC-MATCH,system/system_task
,void SysTimer_Init,system,,SEMANTIC-MATCH,system/system_timer
,u32 SysTimer_GetTicks,system,,SEMANTIC-MATCH,system/system_timer
,u32 SysTimer_GetMs,system,,SEMANTIC-MATCH,system/system_timer
,u32 SysTimer_GetSeconds,system,,SEMANTIC-MATCH,system/system_timer
,void SysTimer_Delay,system,,SEMANTIC-MATCH,system/system_timer
,void SysTimer_DelayMs,system,,SEMANTIC-MATCH,system/system_timer
,void SysTimer_DelaySeconds,system,,SEMANTIC-MATCH,system/system_timer
,void SysTimer_Update,system,,SEMANTIC-MATCH,system/system_timer
,void Title_Init,system,,SEMANTIC-MATCH,system/title
,s32 Title_Update,system,,SEMANTIC-MATCH,system/title
,void Title_Draw,system,,SEMANTIC-MATCH,system/title
,void Title_LoadGraphics,system,,SEMANTIC-MATCH,system/title
,void Title_InitAnimation,system,,SEMANTIC-MATCH,system/title
,void Title_UpdateAnimation,system,,SEMANTIC-MATCH,system/title
,void VRAM_Map,system,,SEMANTIC-MATCH,system/vram_map
,void VRAM_Unmap,system,,SEMANTIC-MATCH,system/vram_map
,u32 VRAM_GetMapping,system,,SEMANTIC-MATCH,system/vram_map
,void VRAM_Init,system,,SEMANTIC-MATCH,system/vram_map
,void VSync_Wait,system,,SEMANTIC-MATCH,system/vsync
,u32 VSync_GetCount,system,,SEMANTIC-MATCH,system/vsync
,void Main_Init,system,,SEMANTIC-MATCH,system/vsync
,void copy_32byte_aligned,util,,SEMANTIC-MATCH,util/copy_32byte
,void copy_4byte_aligned,util,,SEMANTIC-MATCH,util/copy_helpers
,void copy_2byte_aligned,util,,SEMANTIC-MATCH,util/copy_helpers
,void copy_1byte_remainder,util,,SEMANTIC-MATCH,util/copy_helpers
,void hash_init,util,,SEMANTIC-MATCH,util/hash_helpers
,int hash_parse,util,,SEMANTIC-MATCH,util/hash_helpers
,int hash_search,util,,SEMANTIC-MATCH,util/hash_helpers
,void heap_free,util,,SEMANTIC-MATCH,util/heap
,void LZ77_Decompress,util,,SEMANTIC-MATCH,util/lz77
,void LZ77_DecompressToVRAM,util,,SEMANTIC-MATCH,util/lz77
,u32 LZ77_GetHeader,util,,SEMANTIC-MATCH,util/lz77
,void Math_SinCos,util,,SEMANTIC-MATCH,util/math
,u32 Math_Sqrt,util,,SEMANTIC-MATCH,util/math
,u32 Math_ArcTan2,util,,SEMANTIC-MATCH,util/math
,void memset_halfword,util,,SEMANTIC-MATCH,util/mem
,void memset_words,util,,SEMANTIC-MATCH,util/mem
,void memcpy_words,util,,SEMANTIC-MATCH,util/mem
,void memory_block_copy,util,,SEMANTIC-MATCH,util/mem
,void memset_aligned,util,,SEMANTIC-MATCH,util/mem
,void Rotation_Set,util,,SEMANTIC-MATCH,util/rotation
,s32 Rotation_Get,util,,SEMANTIC-MATCH,util/rotation
,u32 Rotation_Apply,util,,SEMANTIC-MATCH,util/rotation
,void Scale_Set,util,,SEMANTIC-MATCH,util/rotation
,s32 Scale_Get,util,,SEMANTIC-MATCH,util/rotation
,void List_Init,util,,SEMANTIC-MATCH,util/util_list
,void List_AddFront,util,,SEMANTIC-MATCH,util/util_list
,void List_AddBack,util,,SEMANTIC-MATCH,util/util_list
,void List_Remove,util,,SEMANTIC-MATCH,util/util_list
,u32 List_GetCount,util,,SEMANTIC-MATCH,util/util_list
,s32 List_IsEmpty,util,,SEMANTIC-MATCH,util/util_list
,s32 Search_Linear(void *data, u32 count, void *key, s32 (*comparator),util,,SEMANTIC-MATCH,util/util_search
,s32 Search_Binary(void *data, u32 count, void *key, s32 (*comparator),util,,SEMANTIC-MATCH,util/util_search
,u32 Search_FindAll(void *data, u32 count, s32 (*predicate),util,,SEMANTIC-MATCH,util/util_search
,u32 Search_Count(void *data, u32 count, s32 (*predicate),util,,SEMANTIC-MATCH,util/util_search
,u32 Search_BinaryIndex(void *data, u32 count, void *key, s32 (*comparator),util,,SEMANTIC-MATCH,util/util_search
,void Sort_Quick(void *data, u32 count, u32 element_size, s32 (*comparator),util,,SEMANTIC-MATCH,util/util_sort
,void Sort_QuickSort(void *data, s32 low, s32 high, u32 element_size, s32 (*comparator),util,,SEMANTIC-MATCH,util/util_sort
,s32 Sort_Partition(void *data, s32 low, s32 high, u32 element_size, s32 (*comparator),util,,SEMANTIC-MATCH,util/util_sort
,void Sort_Swap,util,,SEMANTIC-MATCH,util/util_sort
,void Sort_Bubble(void *data, u32 count, u32 element_size, s32 (*comparator),util,,SEMANTIC-MATCH,util/util_sort
,void Sort_Insertion(void *data, u32 count, u32 element_size, s32 (*comparator),util,,SEMANTIC-MATCH,util/util_sort
,s32 Sort_IsSorted(void *data, u32 count, u32 element_size, s32 (*comparator),util,,SEMANTIC-MATCH,util/util_sort
,s32 Sort_Linear(void *data, u32 count, u32 element_size, s32 (*comparator),util,,SEMANTIC-MATCH,util/util_sort
,void Tree_Init,util,,SEMANTIC-MATCH,util/util_tree
,void Tree_AddChild,util,,SEMANTIC-MATCH,util/util_tree
,void Tree_Remove,util,,SEMANTIC-MATCH,util/util_tree
,u32 Tree_GetCount,util,,SEMANTIC-MATCH,util/util_tree
,s32 Tree_IsEmpty,util,,SEMANTIC-MATCH,util/util_tree
0x02000ac4,cp15_write_system_control,hardware,56,MCR 15,0,r0,cr1,cr0,{0} writes CP15 system control register,function_table_update
0x02003000,lcd_bg_config_sound_channel,lcd,1024,Configures LCD BG registers (0x04000008-0x0400000E), writes BG control values,function_table_update
0x02003400,lcd_bg_mode_set,lcd,1024,Switch/case on display mode values (0-128), sets LCD mode registers,function_table_update
0x02003800,lcd_bg_mode_apply,lcd,1024,Writes to DISPLAYCNT (0x04000000) with mode-specific bit patterns,function_table_update
0x02003c00,Sound_Init,sound,1024,SOUND register initialization, memset call,function_table_update
0x02004000,Sound_MasterControl,sound,1024,SOUNDCNT/BRIGHT register config,function_table_update
0x02004278,Sound_SetChannelVolume,sound,128,SOUND4CNT access, channel volume config,function_table_update
0x02004660,display_bg_parameter_write,display,64,Stores r1 to [r7+28], [r7+32], r6 to [r7+36], r5 to [r7+40]. Writes 5 display BG parameters.,function_table_update
0x020046a0,display_bg_compose_params,display,48,Computes r0=r2-r0, loads from sp+64/96/100/104, calls 0x2002150 (param_build). Composes display parameters.,function_table_update
0x020046d0,display_bg_init_state,display,88,Zeros 5 words at [r6+4..+16], initializes display BG state. State initialization for display layers.,function_table_update
0x02004c94,display_dma_init_buffers,display,176,Stores r0 to [r8], calls 0x20021c8 (dma_setup), stores 0 to [fp], 0x1000 to [fp+4]. Initializes DMA buffers with 4096 byte size.,function_table_update
0x02004d44,display_fixed_point_multiply,display,220,Fixed-point multiplication: umull, mla chain with asr #31 for sign extension. 64-bit fixed-point math for display coordinates.,function_table_update
0x02004e20,display_clip_and_store,display,160,Stores r2, negated sl, r0, r3 to [r4] sequentially. Clips and stores display values with negation.,function_table_update
0x02005020,Display_LoadBGData,display,96,copy_4byte_aligned calls, BG setup,function_table_update
0x02005080,Display_FlipBuffers,display,80,copy_4byte_aligned, buffer swap,function_table_update
0x020050d0,Display_CopyFrameBuffer,display,112,copy_4byte_aligned x2,function_table_update
0x02005200,Overlay_JumpTable,overlay,128,BX jump table with 8 entries,function_table_update
0x02005280,Overlay_CopyOverlay,overlay,192,Overlay copy with multi-entry transfer,function_table_update
0x02005340,IRQ_Disable,system,168,IME(0x04000208)/IE(0x04000210) register access, interrupt bit clear,function_table_update
0x02005594,Timer_SetCount,timer,224,Timer counter write,function_table_update
0x02005680,lcd_bg_dma_transfer,display,176,Loads address 0x04000204 (DMA control), sets bit 0x80 (enable), writes to DMA registers. DMA transfer for LCD BG data.,function_table_update
0x02005894,SysTimer_GetTicks,timer,216,Timer tick read, memset,function_table_update
0x02005970,SysTimer_Delay,timer,264,Delay loop with timer,function_table_update
0x02005c00,Display_InitBG,display,168,BG initialization pattern,function_table_update
0x02005ca8,Display_SetupBG,display,232,BG configuration and setup,function_table_update
0x02005d90,Display_LoadTiles,display,296,Tile data loading with memset,function_table_update
0x02006000,EntityList_RemoveNode,entity,128,Linked list node removal, offset 0x68/0x70,function_table_update
0x02006080,EntityList_InsertSorted,entity,168,Linked list sorted insertion by priority,function_table_update
0x02006200,DisplayScroll_SetBgOffset,display,192,BG scroll offset register config,function_table_update
0x020062c0,DisplayScroll_SetParallax,display,288,Parallax factor calculation,function_table_update
0x020063e0,DisplayScroll_Update,display,312,Multi-BG scroll update,function_table_update
0x02006600,Display_SetupAffine,display,168,Affine parameter initialization,function_table_update
0x020066a8,Display_UpdateAffine,display,232,Affine matrix update calculation,function_table_update
0x02006790,Display_ApplyAffine,display,296,Affine matrix apply to BG,function_table_update
0x02006a94,Display_SetupBlend,display,216,BLDCNT/BLDALPHA blend configuration,function_table_update
0x02006b70,Display_SetupMasterBright,display,264,MASTER_BRIGHT register config,function_table_update
0x02006ea8,Timer_Set,system,232,TM0CNT_H(0x04000102)/TM0CNT_L(0x04000100) timer register write,function_table_update
0x02006f90,Timer_Get,system,296,TM0 timer counter read, small function,function_table_update
0x020072c0,Display_ScanlineCallback,display,288,Linked list walk, DISPSTAT reference,function_table_update
0x020073e0,Display_VSyncWait,display,312,VCOUNT(0x04000006) read, scanline comparison,function_table_update
0x02007c94,DMA_ChainTransfer,system,216,DMA3SAD(0x040000e0) register setup, channel calc,function_table_update
0x02007d70,DMA_SetupTransfer,system,264,DMA0SAD register, busy-wait pattern,function_table_update
0x02008000,DMA0_Transfer,dma,168,DMA0 register setup pattern,function_table_update
0x020080a8,input_update_keymatrix,input,232,Reads KEY_INPUT (0x04000600), calls button_key_matrix, updates input state,function_table_update
0x02008190,DMA0_Wait,dma,296,DMA0 busy-wait polling,function_table_update
0x02008840,DMA1_Transfer,dma,196,DMA1 register setup pattern,function_table_update
0x020088a8,DMA1_Wait,dma,232,DMA1 busy-wait polling,function_table_update
0x0200890c,controller_sample_buffer_write,controller,264,Calls 0x02008910 four times to write controller sample data,function_table_update
0x02008990,controller_sample_buffer_flush,controller,296,Calls 0x02008910 four times with different offsets, flushes sample buffer,function_table_update
0x02008c94,controller_state_update,controller,216,Calls 0x02008910 + 0x020097fc, updates controller state from samples,function_table_update
0x02008d70,controller_state_commit,controller,264,Calls 0x02008910 + 0x02008994, commits controller state changes,function_table_update
0x02009bc8,heap_validate_chain,memory,216,Calls heap_validate + 0x02008ed4, validates entire heap chain integrity,function_table_update
0x02009d70,heap_validate_and_cleanup,memory,264,Calls heap_validate + 0x02008ed4 in loop, validates and cleans heap blocks,function_table_update
0x02009dd8,heap_free_chain_block,memory,88,Iterates heap chain, calls heap_validate + 0x02008ed4 to free each block,function_table_update
0x0200a190,controller_input_process,controller,296,Calls button_key_matrix + memory pool functions, processes raw controller input,function_table_update
0x0200c190,overlay_schedule_load_request,overlay,296,Sets up overlay load params (callback, id, flag), calls overlay scheduler,function_table_update
0x0200d000,md5_init_state,crypto,168,Stores MD5 IV constants: 0x67452301, 0xefcdab89, 0x98badcfe, 0x10325476, 0xc3d2e1f0,function_table_update
0x0200d5f8,HWI_ReadStatusAndCopy,system,84,Tests bit0 of global+52. If not set, copies 4 halfwords from global+4/6/8/10 to output. push {r4,lr}.,function_table_update
0x0200d650,HWI_InitAndCallback,system,156,Calls 0x200763c, tests flag at 0x3000000. Sets bit0 at global+52. Calls callback via blx r3. push {r4,lr}.,function_table_update
0x0200d6f0,HWI_SetCallback,system,32,Stores r0 to global pointer, calls 0x200763c/0x2007650. 32 bytes. push {r4,lr}.,function_table_update
0x0200e000,HwInit_PowerOn,system,168,POWERCNT(0x04000304) bit 0 enable,function_table_update
0x0200e058,Controller_Poll,input,140,Input polling pattern with branch,function_table_update
0x0200e0a8,Input_ProcessButtons,input,232,Button processing, multiple sub-calls,function_table_update
0x0200e0e8,Input_ResetState,input,112,State clear, small function,function_table_update
0x0200e158,Input_GetPressed,input,156,Returns pressed input state,function_table_update
0x0200e190,Controller_Init,input,296,Controller initialization, register setup,function_table_update
0x0200ec94,sound_dma_transfer_data,sound,216,Calls 0x0200ea8c five times, DMA transfers sound sample data,function_table_update
0x0200ed70,sound_dma_update_channels,sound,264,Calls 0x0200ea8c three times, updates sound channel DMA data,function_table_update
0x02013074,entity_pool_allocator_init,entity,360,Calls 0x02010af8 + heap_validate + 0x02010cd4, initializes entity pool,function_table_update
0x02013094,entity_pool_validate,entity,216,Calls heap_validate + 0x02010cd4 + 0x02010b80 + 0x020156a0 + 0x020156c8, validates entity pool,function_table_update
0x02013170,data_decompress_chunk,utility,264,Calls copy_4byte_aligned + 0x0201566c + 0x0201567c, decompresses data chunk,function_table_update
0x0201320c,data_decompress_init,utility,256,Calls 0x02014854 + 0x020146f8 + copy_4byte_aligned, initializes decompression,function_table_update
0x02013400,data_decompress_run,utility,168,Calls 0x020145b0 + 0x02014854 + 0x020146f8, runs decompression,function_table_update
0x020134a8,sound_data_decompress,sound,232,Calls 0x02015520 + 0x02014288 + 0x0201566c, decompresses sound data,function_table_update
0x02013800,data_transform_blocks,data,192,Calls 0x02014530 + 0x0201541c + 0x0201566c, transforms data blocks,function_table_update
0x020139e0,data_copy_with_transform,memory,312,Calls 0x02015520 + copy_1byte_remainder + 0x02013e7c, copies with transformation,function_table_update
0x02013ca8,data_copy_compressed,memory,232,Calls 0x02013e7c + 0x02013f58 + copy_1byte_remainder, copies compressed data,function_table_update
0x02013d90,data_init_compression_table,data,296,Calls 0x020141d8 + 0x02014078 + 0x020141a8, initializes compression table,function_table_update
0x02014800,lz77_decompress_block,utility,192,Calls 0x0200846c + copy_1byte_remainder, LZ77 block decompression pattern,function_table_update
0x02014c00,rom_load_compressed_data,io,168,Calls 0x0201559c + 0x0201568c + 0x0201564c, loads compressed ROM data,function_table_update
0x02014ca8,rom_load_decompress_to_ram,io,232,Calls 0x02015530 + 0x0201557c + 0x02015640, loads and decompresses ROM data,function_table_update
0x02014d90,rom_load_and_validate,io,296,Calls 0x0201559c + 0x0201568c + 0x0201564c, loads ROM data with validation,function_table_update
0x02015094,entity_lifecycle_update,entity,216,Calls 0x020130e8 + 0x020135f8 + 0x020134b4 + 0x02014a24, updates entity lifecycle,function_table_update
0x02015800,overlay_load_from_table,overlay,192,Calls 0x02015e28 three times, loads overlay from lookup table,function_table_update
0x020158c0,overlay_init_and_reloc,overlay,288,Calls 0x02015e28 + 0x02015c78 + 0x02015924, initializes and relocates overlay,function_table_update
0x020159e0,sound_update_all_channels,sound,312,Calls 0x02016d5c + 0x0201a8ac + 0x0201a16c, updates all sound channels,function_table_update
0x02015ca8,stage_data_validate,stage,232,References data tables at 0x02015e1c-0x02015e20, validates stage data,function_table_update
0x02015d90,sound_update_mixer,sound,296,Calls 0x0201a8ac + copy_1byte_remainder + 0x020179dc, updates sound mixer,function_table_update
0x02016094,data_block_read,io,216,Calls 0x02016928, reads data block from storage,function_table_update
0x02016170,data_block_read_multi,io,264,Calls 0x02016928 three times, reads multiple data blocks,function_table_update
0x020164a8,data_block_write,io,232,Calls 0x02016928 + 0x0200846c + 0x0201a934, writes data block,function_table_update
0x02016590,data_block_verify,io,296,Calls 0x02016928 + 0x02015e6c, verifies data block integrity,function_table_update
0x02016800,memory_block_dma_transfer,memory,192,Calls 0x020156d8 + memory_block_copy, DMA transfers large memory block,function_table_update
0x020168c0,memory_pool_init_region,memory,288,Calls 0x020156fc + 0x020168ec + 0x0200763c, initializes memory pool region,function_table_update
0x02016d90,overlay_resolve_references,overlay,296,Calls 0x0202fae4, resolves overlay symbol references,function_table_update
0x02017400,lz77_decompress_stream,utility,168,Calls 0x0200846c + copy_1byte_remainder, LZ77 stream decompression,function_table_update
0x020174a8,hash_table_build,utility,232,Calls hash_init + hash_parse + 0x0200bbec, builds hash table from data,function_table_update
0x02017800,data_parse_hash_entries,data,192,Calls 0x0200b930 + hash_parse + 0x02017410, parses hash table entries,function_table_update
0x020179e0,stage_data_init,stage,312,Calls 0x020067dc + 0x020183e8 + 0x02017cc4, initializes stage data,function_table_update
0x02017c00,data_stream_process,io,168,Calls 0x02017994 + 0x02012f9c, processes data stream,function_table_update
0x02017ca8,input_process_touch_and_keys,input,232,Calls input_poll + copy_2byte_aligned, processes both touch and key input,function_table_update
0x02017d90,data_stream_validate,io,296,Calls 0x02017994 + 0x02012f9c, validates data stream integrity,function_table_update
0x02018094,hash_table_rehash,utility,216,Calls copy_2byte_aligned + hash_init, rebuilds hash table,function_table_update
0x02018400,game_state_machine_step,game,168,Calls 0x020184ec, advances game state machine by one step,function_table_update
0x02020094,overlay_node_per_frame_update,overlay,216,Loads flags at [r5+0x10c], tests bit 0 for active, loads child at [r5+0x110], calls 0x201fbc0 (node update). Iterates 4 nodes at stride 0x15c.,function_table_update
0x02020170,overlay_node_iterate_and_update,overlay,264,Calls 0x201fbc0 (node_update), increments counter r7, compares with #4, adds 348 (0x15c) to node pointer. Iterates 4 overlay nodes.,function_table_update
0x020204a8,overlay_tree_check_system_state,overlay,232,Loads global system_flags from 0x02087cb8, compares state to 1, branches on game state. Overlay system state query.,function_table_update
0x02020590,overlay_tree_lookup_by_id,overlay,296,Calls 0x202f8d8 (hash search), adds offset to r4. Searches overlay tree for matching ID. Size=296 indicates full tree traversal.,function_table_update
0x020208c0,overlay_tree_binary_search,overlay,288,Data at start (0x02084d2c), actual code at +4. Binary search through overlay tree. Size=288 indicates tree traversal.,function_table_update
0x020209e0,overlay_tree_insert_sorted,overlay,312,Inserts node into overlay tree maintaining sort order. Size=312, same pattern as entity sorted insert.,function_table_update
0x02020ca8,overlay_node_cleanup,overlay,232,Cleans up overlay node resources. Size=232, calls cleanup routines.,function_table_update
0x02021094,overlay_tree_find_available_slot,overlay,216,BIC alignment on r0/r1, compares range sizes, requires minimum 0x30 (48 bytes), calls 0x2021214 (slot alloc). Finds free node slot.,function_table_update
0x02021170,overlay_tree_copy_node_data,overlay,264,Stores source pointer, calls memcpy_helper (0x200831c), stores destination at [r5+0x4]. Copies node configuration data.,function_table_update
0x02021400,overlay_tree_blit_region,overlay,168,Computes rect dimensions from offsets, calls 0x200b0fc (blit/copy), with src/dest offsets and dimensions on stack. Region copy for overlay display.,function_table_update
0x020214a8,overlay_tree_dispatch_vtable,overlay,232,Loads vtable from [r0], calls [r2+0x4] via blx. Virtual dispatch through overlay node vtable. Follows 'CRAN' signature pattern.,function_table_update
0x02021590,overlay_tree_validate_and_render,overlay,296,Computes node offset, calls 0x20217e4 (validate), calls 0x2021634 (render), reads [r8+0x9] flag. Validates and renders overlay nodes.,function_table_update
0x0202ed90,Math_FastInvSqrt,math,296,Fast inverse square root: tests exponent bits, uses LUT at pc-148. smull/smlal chain. ~100 instructions.,function_table_update
0x02030094,lcd_init_display_regs,hardware,216,Loads 0x04000000 (DISPCNT), bic mask 0xe000, writes to display control. LCD register initialization. Calls 0x2007da4 (Reg_Setup).,function_table_update
0x02030800,entity_init_state_from_file,entity,192,Loads global state pointer, calls 0x20382e0 (file_load), stores result to sp. Initializes entity state from level data file.,function_table_update
0x020308c0,entity_init_state_from_file_v2,entity,288,Same structure as 0x02030800, calls 0x2038328 (file_load_v2). Variant entity state initializer.,function_table_update
0x02031094,entity_check_spawn_bounds,entity,216,Checks r0==0, uses conditional flags, shifts r4 left by 26 bits, stores to sp+0x24. Validates entity spawn position within bounds.,function_table_update
0x02031800,entity_slot_process_and_update,entity,192,Computes table index [r8+r7*4]+0xf8, calls 0x2025b38 (update), stores result, increments r7 (loop counter cmp #5). Processes 5 entity slots.,function_table_update
0x020319e0,entity_slot_process_update_v2,entity,312,Same loop structure as 0x02031800 with 312 bytes. Processes entity slots with additional cleanup.,function_table_update
0x02033170,entity_compute_shifted_index,entity,264,Adds r0+r1, sub 1, arithmetic shift right, adds to r6 with shift. Computes shifted index into entity table.,function_table_update
0x02033400,entity_spawn_by_type,entity,168,Loads entity type from table [r4, r3 lsl #2], calls vtable via blx ip, loops through 2 spawn passes. Entity factory spawn.,function_table_update
0x020334a8,entity_animate_and_advance,entity,232,Loads animation frame counters at [r6+0xa]/[r6+0xc], compares current vs total, advances state machine frame pointer.,function_table_update
0x02033590,Entity_InitFull,entity,296,Inits 124-byte entity struct. Sets offsets 16/42/28/50/54/5c/64/6c from stack params. push {r4-r7,lr}.,function_table_update
0x02035e40,entity_apply_position_from_stack,entity,260,Computes mul r1,r5,r1, loads halfword from sp+108, stores to [r4+16]/[r4+18]. Applies computed position to entity.,function_table_update
0x02035f44,entity_try_spawn_and_validate,entity,324,Calls 0x2035c58 (spawn), calls 0x2006abc (list_head_get), compares result, returns early if equal. Attempts entity spawn with validation.,function_table_update
0x02036088,entity_aabb_compute_overlap,collision,116,Computes r0+r1 and fp-r1 for X extents, shifts to 16-bit, handles 32-pixel threshold case. AABB overlap computation for spatial queries.,function_table_update
0x020367d4,entity_set_oam_palette,entity,232,Calls 0x201c070 (oam_update), calls 0x201bf1c (palette_load), calls 0x201bf34 (palette_set), calls 0x201eb98 (oam_write). Full OAM/palette setup.,function_table_update
0x020374c0,entity_fetch_multi_pointers,entity,176,Calls 0x2036e9c (pointer_get) four times, stores each result to different pc-relative addresses. Fetches 4 entity pointers.,function_table_update
0x02037570,entity_store_to_linked_chain,entity,248,Stores r2 to [r7+8]/[r7+12], halfwords to [r7+22]/[r7+24]/[r7+26], follows chain via ldr lr,[lr]. Writes to entity linked list chain.,function_table_update
0x02037668,entity_spawn_position_calc,entity,88,Zeros 8 bytes (spawn position), computes fixed-point division for spawn offset using smull. Calculates entity spawn positions.,function_table_update
0x0203787c,Entity_ProcessSpawnFlags,entity,516,Reads entity flags (bit4,bit5), loads LUT entries (8-byte stride), stores coords. Calls 0x200d544. push {r4-r6,lr}.,function_table_update
0x02037a8c,Entity_ProcessSpawnFlagsB,entity,456,Similar flag processing (bit4), calls 0x200d650/0x200d5f8. Loop on cmp r0,#0. push {r4-r5,lr}.,function_table_update
0x02037c60,Entity_FlagDispatch,entity,72,Tests bit0 and bit1 of global+16. Dispatches to ProcessSpawnFlags or ProcessSpawnFlagsB.,function_table_update
0x02037cac,Entity_ClearSpawnState,entity,140,Tests bit1, calls 0x200d554, 0x200d18c/0x200d178. Clears bits 0,1 at global+16. Resets byte at +20.,function_table_update
0x02037d40,entity_reset_spawn_flags,entity,28,Clears bit 0 in [r0+0x10], zeros [r0+0x14] byte. Resets spawn context flags for entity recycling.,function_table_update
0x02037d60,Entity_ResetSpawnContext,entity,128,Tests bit0/bit1, calls ClearSpawnState. Then memset 40 bytes twice. Sets bit0 at global+16.,function_table_update
0x0203a0bc,entity_type_dispatch_switch,entity,256,Stores r2 to [r0+4], byte to [r0+40], loads from pc-relative table, stores mode #0x6800000 to [r0]. Dispatches entity type with mode switch.,function_table_update
0x0203a1bc,entity_call_callback_and_return,entity,296,Stores r1 to [r0+0x8c], calls 0x2002e28 (callback), calls 0x2003178 (cleanup). Entity callback invocation.,function_table_update
0x02042100,CollisionAABB_Init,collision,384,Structure init, member store,function_table_update
0x02042280,CollisionAABB_Set,collision,192,bl to known, struct set,function_table_update
0x02044098,CollisionGrid_Build,collision,584,Memory alloc/free, grid initialization,function_table_update
0x020442f0,CollisionGrid_Insert,collision,448,entity_allocator, insert with size calc,function_table_update
0x020444b0,CollisionResponse_Check,collision,336,Response checking with signed halfword ops,function_table_update
0x0204490c,CollisionResponse_Apply,collision,164,Response application,function_table_update
0x020449b0,CollisionResponse_Reset,collision,108,Response reset/clear,function_table_update
0x020450b4,CollisionShape_Create,collision,124,entity_allocator, 0x4000 memory alloc,function_table_update
0x02045130,CollisionShape_SetType,collision,156,Type config with bitfield operations,function_table_update
0x02045628,Entity_GetPosition,entity,176,Position load,function_table_update
0x0204a8a8,AssetAlloc_AlignAndRegister,memory,232,Aligns allocation to 32-byte boundary, stores size+canary. Calls 0x2034a40 for alloc. Registers with manager.,function_table_update
0x0204a990,AssetAlloc_IndexedLookup,memory,316,Searches 4-entry asset table, allocates if not found. Stores aligned pointer. After AssetAlloc_AlignAndRegister.,function_table_update
0x0204b0a8,ScriptVM_StepExecution,script,248,Checks VM state (2=running,3/0=special). Calls callback via blx r2. Increments frame counter.,function_table_update
0x0204b1a0,ScriptVM_TickAndCallback,script,296,Calls callback via blx r1. Handles state 5 with flag test. Calls 0x2033f44 for state update.,function_table_update
0x0204b4cc,ScriptVM_InitContext,script,84,92-byte stack frame. Calls 0x234dedc, 0x2021310, 0x2021264, 0x20257f8. Initializes VM context.,function_table_update
0x0204b718,ScriptVM_InitState,script,84,Zeroes 96-byte struct, copies entity metadata (byte at 0x1c/0x1d). Stores pointer at +4. push {r4,lr}.,function_table_update
0x0204be14,TaskManager_SetHookA,system,52,Checks state==1, then stores function pointer at offset 8 of global struct. 52 bytes.,function_table_update
0x0204be48,TaskManager_SetHookB,system,76,Tests bit1 of function pointer, stores different handler at offset 8. Push/pop {r4,lr}. 76 bytes.,function_table_update
0x0204be9c,TaskManager_SetHookC,system,52,Same pattern as HookA: checks state==1, stores at offset 8. Different source table. 52 bytes.,function_table_update
0x0204c23c,Gameplay_CheckPauseFlags,gameplay,152,Tests flag bit5 at global+0x18. If set, calls 0x232d9a4, 0x203dba4. Processes gameplay pause state.,function_table_update
0x0204c2d4,Gameplay_ProcessTimers,gameplay,200,Processes gameplay timers and flag state. Calls 0x234d62c. Sets bit9 flag (0x200) on timer expiry.,function_table_update
0x0204c39c,Gameplay_SetModeFlags,gameplay,120,Sets mode flags based on state. Calls 0x23376a4/0x2337688 for flag OR operations. Sets bit4 (0x10).,function_table_update
0x0204ce50,NDS_InitSubSystem,system,304,Sets 0x8000 flag at global, calls 8 initialization functions in sequence (0x2002f60..0x2002e78).,function_table_update
0x0204cf80,NDS_ConfigureDisplay,display,256,Configures display registers: AND/OR bit patterns at multiple halfword offsets. Sets 0x10/0x08/0x20 flags.,function_table_update
0x0204d388,NDS_SetupDisplayMode,display,388,Configures display mode registers. Reads/writes to multiple halfword offsets with 0x43 mask. Sets priority bits.,function_table_update
0x0204d768,Display_ResetState,display,60,Clears offsets 0x24/0x40/0x20/0x36/0x24/0x18 to 0. Calls 0x233c300 and 0x2335e70.,function_table_update
0x0204d8d8,Player_UpdatePhysicsStep,player,272,Fixed-point velocity calculation (lsl #8 scale, 0xF00 clamp). Compares position vs target. Sets state on match.,function_table_update
0x0204ec8c,SoundBank_CompareChannels,audio,104,Compares 8 channel thresholds from lookup table. Sets bits in accumulator based on comparisons. Clamps to 99.,function_table_update
0x020610bc,GameplayEntity_Init,gameplay,272,Entity type init,function_table_update
0x020611cc,GameplayEntity_Update,gameplay,416,Entity update loop,function_table_update
0x020620b0,GameplayEntity_Render,gameplay,288,Entity render,function_table_update
0x020621d0,GameplayEntity_Cleanup,gameplay,152,Entity cleanup,function_table_update
0x020643b4,SpawnPoint_CheckPlayer,gameplay,180,Bit test loop, entity alloc, spawn,function_table_update
0x020644ac,SpawnPoint_InitEntity,gameplay,92,Entity alloc, position setup,function_table_update
0x02064508,SpawnPoint_GetPosition,gameplay,44,Small function, offset load,function_table_update
0x02064534,SpawnPoint_GetSpawnID,gameplay,32,Tiny function, simple return,function_table_update
0x02064554,SpawnPoint_Deallocate,gameplay,360,memset+heap_free, entity cleanup,function_table_update
0x020646bc,SpawnPoint_CheckHitboxFlags,entity,96,Iterates hitbox channels 0-7, checks bitmask flags, loads hitbox dims from LUT. After SpawnPoint_GetSpawnID.,function_table_update
0x0206a094,ActionState_SetActiveFlag,action,216,Stores r0 to r4+0xC0, ORs 0x10 into r4+0x108. End of action_state_processor block.,function_table_update
0x0206a170,ActionState_ClearEntityFlags,action,264,Clears entity flags in 5-iteration loop (byte at 0x10c). ORs 0x100 into r7+0x2C. Clears r6 bit3.,function_table_update
0x0206a4a8,ActionObject_CalcTrajectory,action,232,Uses sin/cos LUT to compute 3D trajectory vector via blx 0x2000e7c. Copies result to r9+0x24. Near action_state_processor.,function_table_update
0x0206a590,ActionObject_ApplyImpulse,action,296,Similar angle-based vector computation with lsl #4 scaling. Checks flag 0x200. Near action_state_processor.,function_table_update
0x0206a8c0,ActionObject_CopyState,action,288,Copies pos/vel from r9 to r4 (offsets 0x18-0x20, 0x48-0x50). Calls 0x2008400 for transform, 0x20315e0 for update.,function_table_update
0x0206b1bc,TileSpawner_ProcessBatch,object_list,296,Triple-nested loop: iterates tile groups, rows, columns. Advances tile data pointer by 8. Near tile_object_spawner.,function_table_update
0x0206b7a0,PlacementDispatcher_ApplyFlags,object_list,156,Sets collision flags in r8+0x2C (0x4000, 0x80, 0x4). Reads r9+0xa4/0x124/0x128. Near placement_dispatcher.,function_table_update
0x0206b84c,Entity_SetPositionRelative,object_list,240,Converts world pos to camera-relative screen pos via camera offset. Stores to r8+4/+6. Flags 0x2000/0x4000/0x80.,function_table_update
0x0206c798,ActionState_CheckInputGate,action,36,Tiny 36-byte func. Checks global flag bit0 AND NOT r0 bit5, returns 1 or 0. After action_dispatch.,function_table_update
0x0206cccc,ActionState_AllocSlot,action,284,Searches action slot table by ID, creates new entry. Calls sub-func twice with r3=0,1. After player_per_frame_update.,function_table_update
0x0206d490,AABB_SortAndMidpoint,collision,436,Compares two AABBs on 4 axes, finds max-sep axis, computes fixed-point midpoint. Near entity_aabb_sweep.,function_table_update
0x0206d6b0,AABB_TestCollision,collision,764,Multi-function bin: AABB point test, box-vs-box, bounds init, pair collision test. Reads flags at offset 10.,function_table_update
0x0206e094,EntityList_RegisterSlot,entity,216,Registers entity into channel slot (4 channels, 192 bytes each). Reads entity byte at 0x28 as sub-index.,function_table_update
0x02072794,overlay_node_validate_checksum,overlay,228,Validates overlay node integrity. Size=228, calls 0x2007da4 (checksum_verify).,function_table_update
0x02072878,overlay_node_read_header,overlay,196,Reads overlay node header data. Size=196, loads from pc-relative table.,function_table_update
0x02072940,overlay_node_small_init,overlay,140,Small overlay node initialization. Size=140, minimal setup function.,function_table_update
0x02074650,overlay_complex_init_sequence,overlay,368,Complex overlay initialization sequence. Size=368, multiple setup steps.,function_table_update
0x020747c0,overlay_state_machine_step,overlay,284,Single step of overlay state machine. Size=284, state transition logic.,function_table_update
0x020750a8,overlay_quick_validate,overlay,224,Quick overlay validation check. Size=224, fast path validation.,function_table_update
0x02075188,overlay_full_validate,overlay,292,Full overlay validation. Size=292, complete integrity check.,function_table_update
0x020760f8,overlay_load_and_verify,overlay,364,Loads overlay and verifies. Size=364, load+verify sequence.,function_table_update
0x02076270,overlay_quick_setup,overlay,196,Quick overlay setup. Size=196, fast initialization.,function_table_update
0x02077190,overlay_cleanup_resources,overlay,176,Cleans up overlay resources. Size=176, resource release.,function_table_update
0x02077394,overlay_validate_chain,overlay,216,Validates overlay chain integrity. Size=216, chain validation.,function_table_update
0x02077470,overlay_update_chain,overlay,264,Updates overlay chain state. Size=264, chain update.,function_table_update
